Starke Frauen weinen heimlich.,Strong women cry in secret.
Sie war das Mädchen meiner Träume.,She was the girl of my dreams.
Er kaufte drei Paar Socken.,He bought three pairs of socks.
Ausnahmen bestätigen die Regel.,Exceptions prove the rule.
Irren ist menschlich.,To err is human.
Schokolade enthält Koffein.,Chocolate contains caffeine.
Sie hat einen schwachen Puls.,She has a faint pulse.
Stehen Sie in der Schlange?,Are you in line?
Ich hätte auf dich hören sollen!,I should have listened to you!
Sie hat einen gesunden Appetit.,She has a healthy appetite.
Herzlichen Dank für die schönen Blumen!,Many thanks for the beautiful flowers!
"Lass den Motor an, wir müssen los.","Start the motor, we have to go."
Sie genießt die Wärme der Sonne.,She is enjoying the warmth of the sun.
Diese Website lädt so langsam!,This website is loading so slowly!
Heute ist es endlich sonnig.,It's finally sunny today.
Immerhin ist er ehrlich!,At least he's honest!
Die Welt gehört dir!,The world is yours!
Rosinen sind getrocknete Trauben.,Raisins are dried grapes.
Wir hatten heute jede Menge Spaß.,We had lots of fun today.
Diese Unterlagen sind nicht vollständig.,These documents are not complete.
Diese Entscheidung war ein Irrtum.,This decision was a mistake.
Du hast Ketchup im Schnurrbart.,You have ketchup in your moustache.
Wie wird dieser Virus übertragen?,How is this virus transmitted?
Das nächste Postamt ist nicht weit.,The next post office is not far.
Tauchen ist ein teures Hobby.,Scuba diving is an expensive hobby.
Er hat weder Brüder noch Schwestern.,He has neither brothers nor sisters.
Die Polizei verfolgte den Einbrecher.,The police chased the burglar.
Kaninchen haben ein weiches Fell.,Rabbits have a soft fur.
Dieses Restaurant akzeptiert nur Bargeld.,This restaurant only accepts cash.
Das Restaurant befindet sich oben.,The restaurant is upstairs.
Er forderte sie zum Tanz auf.,He asked her to dance.
Nächsten Sonnabend bleibe ich zu Hause.,Next Saturday I am not going out.
Kannst du sein Aussehen beschreiben?,Can you describe what he looked like?
Die Wohnung befindet sich im Erdgeschoss.,The flat is on the ground floor.
Die Kartoffeln sind gar.,The potatoes are done
Mir ist übel.,I feel sick.
Die Behandlung war erfolgreich.,The treatment was successful.
Ich stand mitten in der Menge.,I stood amidst the crowd.
Betrug im Internet nimmt immer mehr zu.,Internet scams are on the rise.
Anne ist eine ausgebildete Krankenschwester.,Anne is a trained nurse.
Wer hat das Rad erfunden?,Who invented the wheel?
Krieg ist die Hölle.,War is hell.
Können Sie Ihre Theorie belegen?,Can you prove your theory?
Wie blöd muss man sein!,How stupid can one be!
Wir wünschen euch ein gutes neues Jahr!,We wish you a happy new year!
Der Künstler stellt sein Werk aus.,The artist exhibits his work.
Die Arbeitsbedingungen wurden verbessert.,Working conditions have improved.
Der Einbrecher drohte dem Polizisten.,The burglar threatened the policeman.
Der Rahmen ist aus Holz.,The frame is made of wood.
Ich schiebe den Kinderwagen.,I am pushing the pram.
Der Lehrer vermittelt Wissen.,The teacher conveys knowledge.
Ich begreife deine Entscheidung nicht.,I don't understand your decision.
Ich meine jemand anderen.,I am talking about somebody else.
Nichts tut für immer weh!,Nothing hurts forever!
Das Werk wird geschlossen.,The plant will be closed down.
Einen schönen Tag noch!,Have a good one!
Lassen Sie uns einen Termin vereinbaren.,Let's fix an appointment.
Unsere Wohnung befindet sich im Parterre.,Our flat is on the ground floor.
Dessen kannst du dir gewiss sein.,You can be sure of that.
Sie hat nur teure Dessous.,She only has expensive lingerie.
Wie hoch ist dein Lohn?,How much do you earn?
Haben Sie den Brief empfangen?,Have you received the letter?
Die Inhaltsangabe ist unvollständig.,The index is incomplete.
Diese Socken sind aus Wolle.,These socks are made of wool.
Sie trug ein lila Kleid.,She wore a purple dress.
Kopfsalat ist sehr gesund.,Lettuce is good for you.
Was nimmst du als Vorspeise?,Which starter do you want?
In welchem Bezirk wohnt er?,In which area does he live?
Heute weht ein kühler Wind.,There is a cool breeze blowing today.
Damit habe ich nicht gerechnet.,I did not expect that.
Der Schüler kann gut rechnen.,The student is good at doing sums.
Dieses Buch hat mir die Augen geöffnet!,This book has opened my eyes!
Wie macht man das am besten?,What's the best way to do that?
Der Kunde hat immer Recht.,The customer is always right.
Heute ist es wolkig.,Today it's cloudy.
Wir müssen unser Land verteidigen.,We must defend our country.
War meine Vermutung richtig?,Was my assumption right?
Werden Sie bedient?,"Are you being attended to? / Are you being served? (shop, restaurant)"
Er ist ein toller Tänzer.,He's a great dancer.
"Freut mich, Sie kennenzulernen!",Nice to meet you!
Nichts kann diese Tat entschuldigen!,Nothing can excuse this deed!
"Um zu spülen, ziehe diese Schnur.",To flush pull this cord.
Es war ein Vergnügen!,It's been a pleasure!
Er ist zu allem fähig.,He's capable of anything.
Das ist heutzutage nicht mehr üblich.,Nowadays this is no longer customary.
"""Ich habe mich erkältet!"" - ""Gute Besserung!""","""I have caught a cold!"" - ""Get well soon!"""
Schalte in einen höheren Gang!,Switch to a higher gear!
Du machst mich verlegen.,You are embarrassing me.
Treten Sie bitte ein!,"Do come in, please!"
Der Donner erschreckte den Hund.,The thunder scared the dog.
"""Wo ist Ihr Schreibtisch?"" - ""Dort drüben!""","""Where is your desk?"" - ""Over there!"""
Du musst unbedingt mitkommen!,You have to come along!
Die Gurke schmeckt etwas bitter.,The cucumber tastes a bit bitter.
Ist die Leitung immer noch besetzt?,Is the line still busy?
Seine Aussage stimmt.,His statement is true.
Wie schmecken die Heidelbeeren?,How do the blueberries taste?
"""Keine Bewegung!"", schrie der Polizist.","""Freeze!"" shouted the policeman."
Seit damals hat sich viel geändert.,A lot has changed since then.
Die Dinge haben sich verändert.,Things have changed.
Ihn hat eine Erkältung erwischt.,He got a cold.
Er klang verzweifelt.,He sounded desperate.
Er bat mich um Hilfe.,He asked me for help.
Er machte falsche Angaben.,He made false statements.
"Zu verkaufen: Babyschuhe, nie getragen.","For sale: Baby shoes, never worn."
Ist das ein Zitat von Helmut Kohl?,Is this a quote from Helmut Kohl?
Folgen Sie mir?,Are you following me?
"Ich glaube, ich habe mich erkältet.",I think I have caught a cold.
Sie führt ein außergewöhnliches Leben.,She leads an extraordinary life.
Das Essen ist köstlich!,The food is delicious!
Das riecht gut!,That smells good!
Haie können Angst wahrnehmen.,Sharks can sense fear.
Dieses Bett ist sehr bequem.,This bed is very comfortable.
"Glaube nicht alles, was du im Internet liest.",Don't believe everything you read on the Internet.
"Sie zeigte ihm, wie man tanzt.",She showed him how to dance.
Elefanten vergessen nie.,Elephants never forget.
Er hat kein Selbstvertrauen.,He doesn't have confidence.
Die Überraschung ist dir gelungen!,What a surprise! You got me there!
Vitamin D Mangel ist weit verbreitet.,Vitamin D deficiency is very common.
Wir ergänzen uns gegenseitig.,We complement each other.
Die neue Regierung will Start-ups fördern.,The new government wants to support start-ups.
Wer wird sein Taufpate?,Who will be his godfather?
Sie hörten aufmerksam zu.,They listened attentively.
Willst du diese Apfelsine?,Do you want this orange?
Ich liebe Quark mit Erdbeeren!,I love quark with strawberries!
Sei nicht so ängstlich!,Do not be so frightened!
Das ist mein Parkplatz!,This is my parking lot!
Diesen Absatz verstehe ich nicht.,I don't understand this paragraph.
Er ist im Esszimmer.,He's in the dining room.
Du bist genauso hübsch!,You're just as pretty!
Ich traf sie zufällig.,I met her by chance.
Wirkt die Medizin?,Does the medicine work?
Er ist unter der Dusche.,He's under the shower.
Kannst du bitte Staub wischen?,Could you please wipe the dust?
Wann bekomme ich meinen Anteil?,When will I get my share?
Wie hat sie reagiert?,How did she react?
"""Bist du soweit?"" - ""Ja, los geht's!""","""Are you ready?"" - ""Yes, let's go!"""
Das Gegenteil ist wahr!,The opposite is true!
Ich bin im Stress!,I'm stressed out!
Ist er schon fort?,Is he already gone?
Das war ein schönes Erlebnis!,This was a nice experience!
Er hat sich immerhin entschuldigt.,At least he apologised.
Er hat breite Schultern.,He has broad shoulders.
Diese Seife riecht sehr gut.,This soap smells very good.
Ich beneide dich!,I envy you!
Bist du mit ihr verwandt?,Are you related to her?
Ein Reifen ist plötzlich geplatzt.,A tyre suddenly burst.
Kannst du den Bildschirm sauber machen?,Can you clean the screen?
Worauf beziehst du dich?,What are you referring to?
Heute gibt es Salzkartoffeln.,Today we are having boiled potatoes.
Sie ist nicht zu ersetzen.,She can't be replaced.
Es kam zu gewalttätigen Auseinandersetzungen.,There were violent clashes.
Ärgere dich nicht!,Don't be upset!
Er hat bereits zugesagt!,He's already agreed!
Du bist schlau!,You are smart!
Das war ein aufregender Tag!,That was an exciting day!
Ich habe Schnupfen.,I have a cold.
Er hat es nicht absichtlich getan.,He didn't do it on purpose.
Er machte einen verwirrten Eindruck.,He made a confused impression.
Wie viele Kalorien hat dieser Joghurt?,How many calories does this yogurt have?
Was sagt der Wetterbericht?,What does the weather report say?
Die Gedanken sind frei!,Thoughts are free!
"""Hallo, ich bin Hans!"" - ""Sehr erfreut! Ich bin Dieter!""","""Hello, I'm Hans!"" - ""Pleased to meet you! I'm Dieter!"""
"""Guten Rutsch!"" - ""Danke! Dir auch!""","""Happy New Year!"" - ""Thank you! Same to you!"""
Was sollen wir hinterher machen?,What should we do afterwards?
Jacks Frau ist sehr konservativ.,Jack's wife is very conservative.
Werden Sie eine Krankenversicherung anbieten?,Will you provide medical insurance?
Hast du Pläne für Silvester?,Do you have any plans for New Year's Eve?
Trink nicht auf nüchternen Magen!,Don't drink on an empty stomach!
Sie hat 6 Kinder von 5 verschiedenen Männern.,She has 6 children from 5 different men.
Ich lese einen Roman.,I'm reading a novel.
Seid nett zu einander.,Be kind to each other.
Soll ich meine Schuhe ausziehen?,Should I take my shoes off?
Sie ist nicht sehr geduldig.,She isn't very patient.
"Der erste Film, den ich in 3D gesehen habe, war Avatar.",The first movie I've seen in 3D was Avatar.
Ich bin wegen dem Vorstellungsgespräch hier.,I'm here for the job interview.
Gib die Hoffnung nicht auf!,Don't give up hope!
Kannst du das Abendessen vorbereiten?,Can you prepare supper?
Großvaters Gedächtnis wird immer schlimmer.,Grandfather's memory is getting worse.
Er arbeitet für den Geheimdienst.,He works for the secret service.
Diese Autobahn hat vier Spuren.,This motorway has 4 lanes.
Gefällt dir die Party?,Are you enjoying the party?
Haben Sie eine Visitenkarte?,Do you have a business card?
Klingelt das Telefon?,Is the phone ringing?
Er ist mein Halbbruder.,He is my half-brother.
Er wird ausziehen.,He will move out.
Er ist ausgezogen.,He's moved out.
Hunde sind immer zufrieden.,Dogs are always happy.
"""Lass Britney in Ruhe"", sagte er weinend.","""Leave Britney alone,"" he cried."
Ich hasse Spinnen und Wespen.,I hate spiders and wasps.
Ich sehe die Nachrichten jeden Tag.,I watch the news every day.
Die Leute hier sind sehr freundlich.,The people here are very friendly.
Ecuador exportiert viele Bananen.,Ecuador exports a lot of bananas.
Unser Haus hat zwei Gästezimmer.,Our house has 2 guest rooms.
Ecuador hat ihm Asyl gewährt.,Ecuador has granted him asylum.
Der Anzug passt mir sehr gut.,The suit fits me very well.
Sie ist nie für lange Zeit ohne Freund.,She is never without a boyfriend for long.
Klettern ohne Seile ist gefährlich.,Climbing without ropes is dangerous.
Wir waren nur für eine Nacht in diesem Hotel.,We only stayed for one night in this hotel.
Dieses Kissen ist sehr hart.,This pillow is very hard.
Avocado ist reich an Eiweiß.,Avocado is rich in protein.
Der Fußboden ist sauber,The floor is clean.
Ich habe Jack vorgestern getroffen.,I've met Jack the day before yesterday.
Der Feind meines Feindes ist mein Freund.,The enemy of my enemy is my friend.
Das Huhn hat ein Ei gelegt.,The hen has laid an egg.
Mein Sohn wurde zu früh geboren.,My son was born prematurely.
Sie bügelt seine Kleidung.,She is ironing his clothes.
Kann ich dich umarmen?,Can I give you a hug?
Hast du deine Zähne geputzt?,Did you brush your teeth?
Rauche nicht in der Scheune!,Don't smoke in the barn!
Sie haben sich verlobt.,They got engaged. (marriage)
Er wurde lebend gefangen.,He was captured alive.
Ihre Hochzeit wurde verschoben.,Their wedding has been postponed.
Ein Bäcker muss früh aufstehen.,A baker needs to get up early.
Sokrates war ein griechischer Philosoph.,Socrates was a Greek philosopher.
Werden wir bald ankommen?,Will we be arriving soon?
Die Zukunft liegt in deinen Händen.,The future is in your hands.
"Ruhe in Frieden, Lemmy!","Rest in Peace, Lemmy!"
Kennst du einen guten Immobilienmakler?,Do you know a good estate agent?
Das wäre zu aufwendig!,That would be too time-consuming!
Pass auf - da ist eine Pfütze!,Be careful - there's a puddle!
Sie fordern bessere Arbeitsbedingungen.,They demand better working conditions.
Hast du schon die Nachrichten gesehen?,Have you seen the news already?
Wir brauchen ein größeres Boot.,We're gonna need a bigger boat.
Ich war übrigens schon einkaufen.,"By the way, I was already shopping."
Könnte ich den Mietvertrag sehen?,Could I see the tenancy agreement?
Sie machte ihm keine Vorwürfe.,She did not blame him.
Das war reiner Zufall!,That was pure coincidence!
Ist diese Impfung notwendig?,Is this vaccination necessary?
Könnten Sie das näher erläutern?,Could you elaborate?
Ist die Türklingel kaputt?,Is the doorbell broken?
Ich habe zwei Halbgeschwister.,I have two half siblings.
Pass auf! Diese Kreuzung ist gefährlich.,Pay attention! This junction is dangerous.
Wir müssen Staub wischen.,We need to wipe the dust.
Mittlerweile vertraue ich dir wieder.,Now I trust you again.
Du bist mein Held!,You are my hero!
Ich habe Vorfahrt!,It's my right of way!
Wir schaffen das!,We can make it!
Das Spiel geht gleich los.,The game is about to start.
Glücklicherweise hatte er einen Regenschirm.,Fortunately he had an umbrella.
Übung macht den Meister.,Practice makes perfect.
"Ich wünschte, es wäre so einfach.",I wish it would be that easy.
Diese Website wird immer besser.,This web site gets better and better.
"Ich bin nur glücklich, wenn es regnet.",I'm only happy when it rains.
Hast du immer noch Hunger?,Are you still hungry?
Ich werde es mir überlegen.,I'll think about it.
Danke für deine Ehrlichkeit.,Thank you for your honesty.
Ich sammle Briefmarken.,I collect stamps.
Was steht auf dem Zettel?,What does it say on the note?
Das ist eine vernünftige Entscheidung.,That is a sensible decision.
Das Klo ist außer Betrieb.,The toilet is out of service.
Morgens esse ich immer Müsli.,In the morning I always eat muesli.
Diese Datteln schmecken köstlich.,These dates are delicious.
Er ist immer sehr höflich.,He is always very polite.
Mein Schwiegersohn hat morgen Geburtstag.,My son-in-law's birthday is tomorrow.
Da kannst du Gift drauf nehmen!,You can bet your life on that!
Lügen haben kurze Beine.,Lies have short legs. (the truth will come out eventually)
Ich drücke dir die Daumen!,I'll keep my fingers crossed for you!
Ich habe den Überblick verloren.,I've lost track.
Der Arzt fühlte seinen Puls.,The doctor felt his pulse.
Pass auf! Er ist heute schlecht gelaunt.,Be careful! He is in a bad mood today.
Muss ich hier umsteigen?,Do I have to change trains here?
Opa wohnt im Dachgeschoss.,Grandad lives in the attic.
Worum geht es denn?,What is it about then?
Die Wanne ist voll.,The bathtub is full.
Unsere Katze hat sich verliebt!,Our cat is in love!
Abwarten und Tee trinken!,Let's wait and see!
Sie treibt keinen Sport.,She doesn't do sports.
Du bist leider nicht mein Typ.,Unfortunately you are not my type.
Wir müssen unseren Energieverbrauch senken.,We have to lower our energy consumption.
Dieses Klima vertrage ich nicht.,This climate doesn't really agree with me.
Meeresfrüchte vertrage ich nicht.,I can't eat seafood.
Willst du tauschen?,Do you want to swap?
Sie waren zum Scheitern verurteilt.,They were doomed to failure.
Willst du eine Zeitschrift lesen?,Do you want to read a magazine?
Wir sind in die falsche Richtung gegangen.,We've been walking into the wrong direction.
"""Gute Reise!"", sagte er und winkte.","""Have a good trip!"" he said and waved."
Er verbringt zuviel Zeit auf reddit.,He spends too much time on reddit.
Dein Wunsch ist mir Befehl!,Your wish is my command!
Gute Heimfahrt!,Have a safe trip home!
Die Pflicht ruft.,Duty calls.
Sind Sie soweit?,Are you ready?
Ich vergebe dir.,I forgive you.
Die Zeit drängt!,Time is short!
Kann dieser Papagei sprechen?,Can this parrot speak?
Sie denkt immer voraus.,She always thinks ahead.
Bist du einverstanden?,Do you agree? / Are you OK with that?
Wir müssen zuerst Geld abheben.,We have to withdraw money first.
Diese Hütte ist sehr gemütlich.,This cottage is very cosy.
Hat sie mich erwähnt?,Did she mention me?
Wer will mich vertreten?,Who wants to represent me?
Du bist nicht dick!,You are not fat!
Shakiras Hüften lügen nicht.,Shakira's hips don't lie.
Hast du ein Taschentuch für mich?,Do you have a tissue for me?
Frierst du?,Are you cold?
Willst du mitmachen?,Do you want to take part?
Er fängt bald eine Lehre an.,Soon he'll start an apprenticeship.
Selbstverständlich werden wir euch helfen!,Of course we'll help you!
Die Turnschuhe sind im Kofferraum.,The sneakers are in the trunk.
Er ist geschieden.,He is divorced.
Meine Schwägerin kommt aus Japan.,My sister-in-law is Japanese.
Habe ich Anspruch auf Arbeitslosengeld?,Am I entitled to unemployment benefits?
Deutschland hat die Weltmeisterschaft gewonnen!,Germany has won the World Cup!
Wieso ignorierst du mich?,Why are you ignoring me?
Ist er single?,Is he single?
Unter der Woche habe ich keine Zeit.,During the week I don't have time.
Kannst du mir den Computer einrichten?,Could you set up my computer?
Honig ist sehr lange haltbar.,Honey keeps very long. (long expire date)
Hörst du die Glocken?,Do you hear the bells?
Wie viele Enkel haben Sie?,How many grandchildren do you have?
Das Auto versagte seinen Dienst.,The car broke down. (refused its service)
Kannst du die Kartoffeln schälen?,Could you peel the potatoes?
Wieso schweigst du?,Why are you quiet?
Das war ein deutlicher Sieg.,That was a clear victory.
Wo traf ihn die Kugel?,Where did the bullet hit him?
Alle Töpfe sind schmutzig.,All the pots are dirty.
Willst du Apfelsaft oder Orangensaft?,Do you want apple juice or orange juice?
So gut wie keiner kam.,Almost nobody came.
Werden wir siegen?,Will we win?
Soll ich dir belegte Brot machen?,Should I make you some sandwiches?
"""Pass auf! Der Herd ist heiß!""","""Be careful! The stove is hot!"""
"""Ich möchte vorn sitzen"", sagte er.","""I want to sit in front,"" he said."
Wir gehen Holz sammeln.,We are going to gather wood.
Das Waschbecken muss gereinigt werden.,The sink has to be cleaned.
Er fühlte keine Scham.,He didn't feel any shame.
"""Bis dann!"", sagte er und winkte.","""See you later!"" he said and waved."
"""Willst du spazieren gehen?"" - ""Ja klar!""","""Do you want to take a walk?"" - ""Yes of course!"""
Fühlst du dich besser?,Are you feeling better? (after illness)
Kannst du bitte dein Zimmer aufräumen?,Could you tidy up your room?
Kann ich eine Probe haben?,Could I have a sample?
Er hat seine Pflicht getan.,He has done his duty.
Du musst deine Schüchternheit überwinden!,You have to overcome your shyness!
So etwas hat er noch nie erlebt.,He's never experienced such a thing.
"""Aua! Suárez hat mich gebissen!""","""Ouch! Suárez bit me!"""
"""Entschuldigung für die Verspätung!"" - ""Das macht nichts!""","""Sorry for the delay!"" - ""That's OK!"""
"""Guten Appetit!"", sagte die Bedienung.","""Enjoy your meal!"" said the waitress/waiter."
Reg dich nicht darüber auf!,Don't be upset about it!
"""Auf Wiederhören!"", sagte er und legte auf.","""Goodbye!"" he said and hung up the phone."
Neid ist keine gute Eigenschaft.,Envy is not a good trait.
Wo hast du dich versteckt?,Where are you hiding?
Wir müssen die Umwelt schützen.,We have to protect the environment.
Warum fragst du ihn nicht selbst?,Why don't you ask him yourself?
Willst du kuscheln?,Do you want to cuddle?
Ich bin satt.,I'm full.
Welche Währung hat Zypern?,What currency does Cyprus have?
Wir sitzen in der ersten Reihe.,We are sitting in the first row.
Er benutzt eine elektrische Zahnbürste.,He uses an electric toothbrush.
Das Handtuch ist nass.,The towel is wet.
Kannst du mich begleiten?,Could you accompany me?
"""Hast du eine Minute Zeit?"" - ""Was gibt's?""","""Do you have a minute?"" - ""What's up?"""
Auf geht's! Gehen wir zum Oktoberfest!,Come on! Let's go to the beer festival!
Was ist in diesem Behälter?,What's inside this container?
Er hat ein sehr männliches Kinn.,He has a very masculine chin.
Das war nicht meine Absicht.,That wasn't my intention.
Vermutlich ist das Rohr verstopft.,Probably the pipe is clogged.
Der Fahrstuhl ist defekt.,The lift is broken.
Ich übernehme die Kosten.,I'll take over the costs.
Meine Kusine hat morgen Geburtstag.,My (female) cousin's birthday is tomorrow.
Heute Abend essen wir Forelle.,Tonight we'll eat trout.
Ich möchte eine Anzeige aufgeben.,I would like to place an advert.
Diese Feigen schmecken sehr süß.,These figs are very sweet.
"""Kannst du die Wäsche aufhängen, Schatz?""","""Can you hang the laundry, darling?"""
Gib mir einen Kuss!,Give me a kiss!
Die Menge tobt.,The crowd is roaring/rioting.
Was habt ihr beschlossen?,What did you decide?
Weshalb kommt das immer wieder vor?,Why does this keep happening?
Sie sehnen sich nach Frieden.,They long for peace.
Wie lautet sein Nachname?,What is his surname?
Kannst du mir den Bademantel bringen?,Can you bring me the bathrobe?
Willst du ein Plätzchen?,Do you want a cookie?
"""Beeilung! Wir müssen jetzt los!""","""Hurry up! We have to go now!"""
Paris ist ein beliebtes Reiseziel.,Paris is a popular travel destination.
Ein Verwandter von mir ist Apotheker.,A relative of mine is a pharmacist.
Was hälst du von seinem Verhalten?,What do you think of his behaviour?
"""Gut gemacht!"", sagte er anerkennend.","""Well done!"" he said appreciatively."
Alkohol schadet der Leber.,Alcohol damages the liver.
Die Hoffnung stirbt zuletzt.,Hope is the last to die.
Schreibt man das mit ß oder ss?,Do you write that with ß or ss?
Ich verwende Salz häufiger als Pfeffer.,I use salt more often than pepper.
"""Wann essen wir zu Mittag?""","""When do we have lunch?"""
Meine Nase ist verstopft.,My nose is blocked.
"""Alles Gute zum Geburtstag!"", sagte sie fröhlich.","""Happy birthday!"" she said happily."
"""Wie läuft's?"", fragte er neugierig.","""How's it going?"" he asked curiously."
"""Nichts zu danken!"", antwortete er fröhlich.","""You are welcome!"" he answered cheerfully."
"""Könnte ich bitte zwei Gabeln haben?""","""Could I have two forks, please?"""
"""Heute essen wir Muscheln!""","""Today we are eating clams!"""
"""Halt!"", sagte der Polizist.","""Stop!"" said the policeman."
"""Um Gottes willen! Tu das bloß nicht!""","""For heaven's sake! Don't do that!"""
Er ist eigentlich ein netter Kerl.,He is actually a nice guy.
"""Pst! Bitte sei still!""","""Hush! Please be quiet!"""
Diese Strickjacke hält mich warm.,This cardigan keeps me warm.
Wissen ist Macht.,Knowledge is power.
Ich habe einen braunen Gürtel gekauft.,I bought a brown belt.
Ich habe Schmerzen im Nacken.,I have pain in the neck.
Die Rolltreppe ist wieder kaputt.,The escalator is broken again.
Das Bett ist zu klein für mich.,The bed is too small for me.
Könnte ich Kartoffeln statt Reis haben?,Could I have potatoes instead of rice?
Sie lassen niemals einen Mann zurück.,They never leave a man behind.
Ein Indianer kennt keinen Schmerz.,An Indian knows no pain. (said especially to children when they need to be brave)
Udo liebt griechischen Wein.,Udo loves Greek wine.
Niemand steht über dem Gesetz.,Nobody is above the law.
Mein Aufsatz hat noch keine Überschrift.,My essay doesn't have a title yet.
Dieses Buch ist eine Offenbarung.,This book is a revelation.
Willst du mit mir duschen?,Would you like to take a shower with me?
Er hat es sich anders überlegt.,He has changed his mind.
Er hat sich den Fuß gebrochen.,He broke his foot.
Wen willst du anstellen?,Whom do you want to employ?
Das stimmt überhaupt nicht!,That is not true at all!
Der Papst lebt in Rom.,The pope lives in Rome.
Gehen Sie über den Zebrastreifen.,Use the pedestrian crossing.
Tränen lügen nicht.,Tears don't lie.
Der Schnee schmilzt.,The snow is melting.
Mein Hochzeitstag war wundervoll.,My wedding day was wonderful.
Russische Winter sind sehr kalt.,Russian winters are very cold.
Sie singen völlig schief.,They are singing totally out of tune.
Der Pfad ist schmal.,The path is narrow.
Wie weit ist es bis zum Strand?,How far is it to the beach?
Leonardo da Vinci war ein Genie.,Leonardo da Vinci was a genius.
Ist das echtes Gold?,Is this real gold?
Wir müssen jetzt eine Entscheidung treffen.,We need to make a decision now.
Ankara ist die Hauptstadt der Türkei.,Ankara is the capital of Turkey.
Er melkt die Kühe jeden Tag.,He milks the cows every day.
Wir müssen zum Supermarkt gehen.,We have to go to the supermarket.
Was möchtest du zum Mittagessen?,What do you want for lunch?
Hat es Ihren Kunden gefallen?,Did your clients like it?
"Er lernte zu laufen, als er erst 9 Monate alt war.",He learnt to walk when he was only 9 months old.
"Lass mich dir zeigen, wie es gemacht wird.",Let me show you how to do it.
Tom springt gerne auf Sofas.,Tom likes to jump on sofas.
Es gibt regelmäßige Flüge.,There are regular flights.
Wann warst du das letzte Mal dort?,When was the last time you went there?
Ein Visum ist nicht erforderlich.,A visa is not required.
Ich bin süchtig nach Käse!,I'm addicted to cheese!
Ich werde dein Hemd bügeln.,I'll iron your shirt.
Er verlor im Krieg beide Beine.,He lost both legs in the war.
Ich stehe im Stau.,I'm stuck in traffic.
Möchtest du noch einen Kaffee?,Would you like another coffee?
Er war betrunken.,He was drunk.
Er hat seinen Job verloren.,He lost his job.
Ich habe gerade diesen Aufsatz geschrieben.,I just wrote this essay.
Wo ist die nächste Apotheke?,Where is the nearest pharmacy?
Er hat nur einmal in seinem Leben geweint.,He only cried once in his life.
Die Welt verändert sich schnell.,The world changes fast.
Jason ist ein amerikanischer Internetunternehmer.,Jason is an American Internet entrepreneur.
Die Party ist vorbei.,The party is over.
Zwei Journalisten wurden in Misrata getötet.,Two journalists were killed in Misrata.
Er ist ein Genie.,He is a genius.
Ich verstehe den Witz nicht.,I don't understand the joke.
Eine Stunde hat 60 Minuten.,There are 60 minutes in one hour.
Ich kann heute nicht zur Arbeit kommen. Es geht mir nicht gut.,I can't come to work today. I don't feel well.
Schottland hat sein eigenes Parlament.,Scotland has its own Parliament.
Er hat gute Laune.,He is in a good mood.
Ihr Visum ist abgelaufen.,You overstayed your visa.
Seine Frau ist schwanger.,His wife is pregnant.
Er ist ein Journalist.,He's a journalist.
Die Flüchtlinge leben in Zelten.,The refugees are living in tents.
Sie waren gut vorbereitet.,They were well prepared.
Ich habe Hunger.,I'm hungry.
Ich esse kein Schweinefleisch.,I don't eat pork.
Sie hat einen beeindruckenden Lebenslauf.,She has an impressive résumé.
Du machst mich wahnsinnig!,You are driving me insane!
Sie mussten Tag und Nacht arbeiten.,They had to work day and night.
Die Krankenschwester wird die Wunde reinigen.,The nurse will clean the wound.
Wir müssen uns besser organisieren.,We need to be more organised.
Existiert Gott?,Does God exist?
Sei vorsichtig! Verletz dich nicht!,Be careful! Don't injure yourself!
Dieser Ring ist wunderschön!,This ring is beautiful!
Vielleicht hat sie Recht.,Maybe she's right.
Ich freue mich auf deinen Besuch!,I look forward to your visit!
Ich würde gerne eine Frage stellen.,I'd like to ask a question.
Mary kichert.,Mary giggles.
New York ist voller Ratten.,New York is full of rats.
Wir warten schon seit über einer Stunde.,We have been waiting for over an hour.
Er wurde von hinten angegriffen.,He was attacked from behind.
Wo ist Papa?,Where's dad?
Die Mädchen kichern.,The girls are giggling.
Der Boiler ist kaputt.,The boiler is broken. (boiler in the house)
Warum bellt der Hund?,Why is the dog barking?
Orangen enthalten viel Vitamin C.,Oranges contain a lot of vitamin C.
Die Klimaanlage ist kaputt.,The air conditioning is broken.
Sie wollen ein Haus am Meer.,They want a house by the beach.
Sie hat ihn heimlich geheiratet.,She secretly married him.
Ihr Reisepass ist abgelaufen.,Your passport is out-of-date.
Audrey Hepburn bevorzugte ein ruhiges Leben.,Audrey Hepburn preferred a quiet life.
Bitte leg nicht auf!,"Don't hang up the telephone, please!"
Erdbeben kommen in Japan oft vor.,Earthquakes happen often in Japan.
Wir haben mehrere Haustiere.,We have several pets.
Du hast eine wunderschöne Stimme!,You have a lovely voice!
Das ist ein spannender Film.,This is an exciting movie.
Seine Meinung ist mir egal.,I'm not interested in his opinion.
Das Baby hat noch keinen Namen.,The baby doesn't have a name yet.
Kannst du ein Musikinstrument spielen?,Can you play a musical instrument?
Bist du einsam?,Are you lonely?
Jedes Jahr besuchen Millionen von Menschen Hawaii.,Millions of people visit Hawaii each year.
Deine Ohrringe gefallen mir!,I like your earrings!
Sie ist sehr frech.,She is very cheeky.
Der Bus hat Verspätung.,The bus is late.
Alle unsere Bemühungen waren vergeblich.,All our efforts were in vain.
Sie ist taub.,She's deaf.
Diese Suppe ist ausgezeichnet!,This soup is excellent!
Wir müssen zurückgehen.,We have to go back.
Wie ist der Wechselkurs?,What is the exchange rate?
Haben Sie diese Schuhe in Größe 36?,Do you have these shoes in a size 36?
Wo muss ich unterschreiben?,Where do I need to sign?
Ich habe meine Brieftasche verloren.,I lost my wallet.
Er ist immer noch am Telefon.,He is still on the phone.
Diese Mönche leben sehr einfach.,These monks lead very simple lives.
Sie ist aus Peru.,She's from Peru.
Mein Vermieter ist sehr neugierig.,My landlord is very nosy.
"Ich hoffe, morgen scheint die Sonne.",I hope it will be sunny tomorrow.
Das Boot war voller Flüchtlinge.,The boat was full of refugees.
Ich mache mir Sorgen.,I'm worried.
Mein Cousin ist Architekt.,My cousin is an architect.
Napoleon wurde auf Korsika geboren.,Napoleon was born in Corsica.
Du hast wunderschöne Lippen!,You have beautiful lips!
Wie komme ich zur Botschaft?,How do I get to the embassy?
Sie wird den Wettbewerb gewinnen!,She will win the competition!
Ich bin sehr hungrig. Sollen wir in ein Restaurant gehen?,I'm very hungry. Shall we go to a restaurant?
Die meisten Babys haben blaue Augen.,Most babies have blue eyes.
Ich war noch nie in Mexiko.,I've never been to Mexico.
Sie hat einen perfekten Körper.,She has a perfect body.
Bitte verzeih mir.,Please forgive me.
"Wie war die Arbeit, Liebling?","How was work, darling?"
Mein Chef hat keinen Humor.,My boss has no sense of humour.
Sie hasst Waffen.,She hates guns.
"Er trinkt, um seine Probleme zu vergessen.",He drinks to forget about his problems.
Dieser koreanische Palast wurde 1394 gebaut.,This Korean palace was constructed in 1394.
Sei nicht nervös!,Don't be nervous!
Michael Jackson war ein grossartiger Entertainer.,Michael Jackson was a great entertainer.
Seine Präsentation war etwas langweilig.,His presentation was a little bit boring.
Das Flugzeug ist sicher gelandet.,The airplane landed safely.
Sie hatte eine Abtreibung.,She had an abortion.
Helen Keller war eine amerikanische Schriftstellerin.,Helen Keller was an American author.
Sie hat ihm niemals vergeben.,She never forgave him.
Sie hat Hunger.,She is hungry.
Die Luft im Himalaya ist sehr dünn.,The air in the Himalayas is very thin.
Er steht unter Schock.,He is in shock.
Ich habe mir Sorgen gemacht.,I was worried.
Momentan bin ich noch nicht sehr hungrig.,I'm not very hungry at this moment.
Oma ist in der Küche.,Grandma is in the kitchen.
"Hör' auf, ihn zu ärgern!",Stop winding him up!
Ich mag indisches Essen.,I like Indian food.
Hast du die Tür abgeschlossen?,Did you lock the door?
Er schnarcht oft.,He often snores.
Afrika ist ein Kontinent.,Africa is a continent.
Mein Bauch tut weh.,My stomach hurts.
Harrods ist ein bekanntes Kaufhaus.,Harrods is a famous department store.
Mord ist ein Verbrechen.,Murder is a crime.
Sie ist blind.,She is blind.
Hast du Geschwister?,Do you have any brothers or sisters?
Viele Menschen lehnen diesen Krieg ab.,Many people are against this war.
Wikipedia ist keine kommerzielle Webseite.,Wikipedia isn't a commercial website.
Diese Bilder waren sehr schockierend.,These images were deeply shocking.
Er ist dankbar.,He is grateful.
Russland ist ein großes Land.,Russia is a big country.
Wer wird die Veranstaltung organisieren?,Who will organise the event?
Was würdest du machen?,What would you do?
"Hör' auf, dieses Lied zu summen!",Stop humming that song!
Wir brauchen ein Taxi in 30 Minuten.,We need a taxi in 30 minutes.
Er ist von der Leiter gefallen.,He fell from the ladder.
Was hast du für Pläne?,What are your plans?
Das Fahrrad fängt an zu rosten.,The bicycle started to rust.
Ihm gehört ein Nachtclub.,He owns a nightclub.
Sie sind entlassen!,You are fired! / You are free to go!
Ich wünsche dir eine gute Reise.,I wish you a good journey.
Du hast über 2 Stunden Verspätung.,You are over 2 hours late.
Der Sommer ist vorbei.,The summer is over.
Sie wird künstlich ernährt.,She is being fed through a tube.
Dies ist dein Geburtstagsgeschenk.,This is your birthday present.
Ich bin kein Idiot.,I'm not an idiot.
Dieses Produkt hat verschiedene Funktionen.,This product has multiple functions.
Wrestling ist beliebt in Mexiko.,Wrestling is popular in Mexico.
Die Wohnung ist schmutzig.,The apartment is dirty.
Die Nachbarn sind laut.,The neighbours are noisy.
Programmierer essen gerne Pizza.,Programmers love to eat pizza.
Dieser Artikel ist sehr einseitig.,This article is very biased.
Ich liebe dein neues Parfüm!,I love your new perfume!
Ich fahre gern Fahrrad am Wochenende.,I like to go bicycling on the weekend.
Sein Besuch war nicht angekündigt.,His visit was unannounced.
Sie hat einen lustigen Akzent.,She has a funny accent.
Sei nicht unhöflich!,Don't be rude!
Dieser Wettbewerb findet jedes Jahr statt.,This contest takes place every year.
Er arbeitet in London.,He works in London.
Er hat ein unglaubliches Tor geschossen.,He scored an amazing goal.
New York ist die teuerste Stadt der USA.,New York is the most expensive city in the USA.
Versuche positiv zu bleiben!,Try to stay positive!
Sie ist ein kluges Kind.,She's a bright kid.
Lass uns morgen Badminton spielen.,Let's play badminton tomorrow.
Ich habe dich nie belogen!,I've never lied to you!
Er ist in einer Rock-Band.,He is in a Rock 'n' Roll band.
Vergiss nicht deinen Ausweis!,Don't forget your passport!
Er starb qualvoll.,He died in agony.
Karaoke ist sehr beliebt in Asien.,Karaoke is very popular in Asia.
Das Tote Meer ist voller Salz.,The Dead Sea is full of salt.
Ich vergaß meinen Hut im Zug.,I forgot my hat in the train.
"Ich habe gehört, was du gesagt hast.",I heard what you said.
Meine Schwester arbeitet in einem Reisebüro.,My sister works in a travel agency.
Du hast wunderschöne Augen.,You have beautiful eyes!
Peter Ustinov war ein britischer Schauspieler.,Peter Ustinov was a British actor.
Männer müssen sich rasieren.,Men have to shave.
Wir werden zu spät zur Kirche kommen.,We are going to be late for church.
Die Entscheidung ist endgültig.,The decision is final.
"Es tut mir leid, dich zu stören.",I'm sorry to disturb you.
Du musst eine wichtige Entscheidung treffen.,You've a crucial decision to make.
Wir ließen das Gepäck im Hotel.,We left the luggage at the hotel.
Er ist nur an sich selbst interessiert.,He is only interested in himself.
Sie war mal ein Model.,She used to be a model.
Er spielt in einer Band.,He plays in a band.
"Danke, dass du mich unterrichtest.",Thank you for teaching me.
Er hustet.,He is coughing.
Ich vertraue nur meiner Mutter.,I trust only my mother.
Ich lese gerne Autobiografien.,I enjoy reading autobiographies.
Ich bewundere deine Fähigkeiten.,I admire your skills.
Er schüttelt den Kopf.,He shakes his head.
Umarme mich.,Give me a hug.
Er ist immer noch hier.,He is still here.
Du solltest dich schämen!,You should be ashamed of yourself!
Sie war ein wichtiger Mensch in meinem Leben.,She was an important person in my life.
Ich bin optimistisch.,I'm optimistic.
"Wenn man jung ist, hat man noch sein ganzes Leben vor sich.",You've got your whole life ahead of you when you are young.
Dieser Hügel ist sehr steil.,The hill is very steep.
Willst du mit mir gehen?,Do you want to go with me? / Do you want to be my girlfriend/boyfriend?
Warum ist mein Computer so langsam?,Why is my computer so slow?
Wer hat Julius Caesar umgebracht?,Who killed Julius Caesar?
Hab keine Angst!,Don't be scared!
Er wird dich beschützen.,He will protect you.
Tue mir bitte nicht weh.,Please don't hurt me.
England gewann 1966 die Weltmeisterschaft.,England won the world cup in 1966.
Saudi-Arabien ist ein reiches Land.,Saudi Arabia is a rich country.
In Los Angeles leben viele Schauspieler.,A lot of actors live in Los Angeles.
100.000 Häuser haben keinen Strom.,"100,000 homes are without electricity."
Ich habe zugenommen.,I put on weight.
Er ist von Beruf Fotograf.,He is a professional photographer.
"Er tut immer so, als wisse er alles.",He always pretends to know everything.
Er fühlt sich schuldig.,He feels guilty.
Wir haben unseren Zug verpasst.,We missed our train.
Muslime essen kein Schweinefleisch.,Muslims don't eat pork.
Sie hat mich angelogen.,She lied to me.
Edinburgh ist die Hauptstadt von Schottland.,Edinburgh is the capital of Scotland.
Er hat ein ausgezeichnetes Gedächtnis.,He has an amazing memory.
Ich war froh.,I was glad.
Ich wohne in Belgien.,I live in Belgium.
Ich werde dich nie wieder belügen.,I'm never going to lie to you again.
Ist das 100% genau?,Is this 100% accurate?
Der Krieg ist vorbei.,The war is over.
In Schottland greifen Mücken in Schwärmen an.,In Scotland midges attack in swarms.
"Ich weiß, dass sie ihn auch liebt.",I know she loves him too.
Griechisches Essen schmeckt ausgezeichnet.,Greek food is delicious.
Er sonnt sich nicht gern.,He doesn't like sunbathing.
Er zieht bestimmt bald aus.,He definitely will move out soon.
Wir haben keine Arzneimittel mehr.,We've run out of medicine.
Er ist ein Geschäftsmann.,He is a businessman.
Ich probiere nicht gern Neues aus.,I don't like trying new things.
"Sie ist nicht bereit, hart zu arbeiten.",She isn't willing to work hard.
Das Leben ist voller Überraschungen.,Life is full of surprises.
Ich kann nicht atmen.,I can't breathe.
Sie steht unter viel Druck.,She is under a lot of pressure.
Ich habe einen Fisch gefangen.,I caught a fish.
Kannst du bitte das Fenster schließen?,Could you close the window please?
Kuchen sind lecker!,Cakes are delicious!
Das Hotel ist ausgebucht.,The hotel is fully booked.
"Ich will, dass du nach Hause kommst.",I want you to come home.
Er ist ein anständiger Kerl.,He is a decent bloke.
Gewalt erzeugt Gewalt.,Violence begets violence.
Du kannst mich jederzeit besuchen.,You can visit me anytime you like.
Schadet zu viel Fernsehen Kindern?,Does too much TV harm kids?
Das Universum ist sehr groß.,The universe is very big.
Ich bin immer fröhlich.,I'm always happy.
Der Plan hat nicht funktioniert.,The plan didn't work.
Er sieht nervös aus.,He looks nervous.
"Es tut mir leid, du hast natürlich Recht!","I'm sorry, you are right of course!"
"Ich wusste nicht, dass du heute Geburtstag hast.",I didn't realise your birthday is today.
Die Italiener lieben die Oper.,The Italians love opera.
Sie sind 3 Tage lang nicht aus dem Haus gegangen.,They had not gone out for 3 days.
Er hat im Krieg viele Menschen getötet.,He killed a lot of people in the war.
Sie sorgt sich zu sehr.,She worries too much.
Ich bin einsam.,I'm lonely.
Es ist Viertel vor elf.,It is a quarter to eleven.
Er hat den Fehler schnell zugegeben.,He quickly admitted the mistake.
Er ist ein tapferer Soldat.,He is a brave soldier.
Mit Feuer zu spielen ist gefährlich.,Playing with fire is dangerous.
Ich bin im fünften Monat schwanger.,I'm five months pregnant.
Unterschreiben Sie bitte hier.,Please sign here.
Es ist Viertel nach elf.,It is a quarter past eleven.
Ich war total schockiert.,I was absolutely shocked.
Ich muss los.,I have to go.
Giraffen haben sehr lange Hälse.,Giraffes have very long necks.
Jedem Tag folgt die Nacht.,The night follows every day.
Ich fürchte mich vor nichts.,I'm not scared of anything.
Dein Handy klingelt.,Your mobile phone is ringing.
Keiner will ausgenutzt werden.,Nobody likes being used.
Das ist eine fantastische Gelegenheit.,That's a fantastic opportunity.
Wir fürchten um unser Leben.,We fear for our lives.
Pommes frites enthalten viel Fett.,French fries contain a lot of fat.
Die Temperatur steigt.,The temperature is rising.
Sie ist etwas verärgert.,She is a bit upset.
Ich trinke keinen Alkohol.,I don't drink alcohol.
Dieses Restaurant bietet kostenloses WLAN an.,This restaurant offers free wi-fi.
McDonald's eröffnet jeden Tag drei neue Restaurants.,McDonald's opens three new restaurants each day.
Dieses Wörterbuch ist sehr gut.,This dictionary is very good.
Ich habe meine Armbanduhr verloren.,I've lost my wristwatch.
Möchten Sie die Vereinigten Staaten besuchen?,Do you want to visit the United States?
Wo ist der Verbandskasten?,Where is the first aid kit?
Schalten Sie bitte die Musik aus.,Please turn the music off.
"Glauben Sie nicht alles, was Sie hören!",Don't believe everything you hear!
Heute gab es bei der Arbeit sehr viel zu tun.,Today was a very busy day at work.
Gute Besserung!,Get well soon!
Schließen Sie bitte die Tür.,Close the door please.
Danke für Ihre Gastfreundschaft!,Thank you for your hospitality!
Ich verstehe nicht. Können Sie es mir zeigen?,I don't understand. Can you show me?
Er spielt sehr gut Tischtennis.,He's very good at table tennis.
Das scheint eine gute Idee zu sein.,That seems to be a good idea.
Der Hund frisst gerade.,The dog is eating.
Wer wird sich darum kümmern?,Who is going to take care of it?
Ich habe den Bericht ausgedruckt.,I've printed out the report.
Laufen ist gesund.,Running is healthy.
In letzter Zeit habe ich nicht viel geschlafen.,Lately I haven't slept much.
Das sind gute Neuigkeiten.,That is good news.
Er ist zu jung zum Wählen.,He is not old enough to vote.
Bitte behalten Sie das Wechselgeld.,Please keep the change.
Sie ist schwanger.,She is pregnant.
Hat dieses Medikament Nebenwirkungen?,Does this medicine have any side effects?
Vertraust du mir?,Do you trust me?
Uns wurde nicht die Wahrheit gesagt.,We have not been told the truth.
Bitte beruhigen Sie sich.,Please calm down.
Schalte das Licht ein.,Turn the light on.
Sei nicht so eingebildet!,Don't be so vain!
Kommen Sie bitte hierher.,"Come here, please."
Was bedeutet dieses Wort?,What does this word mean?
Tee ist in Großbritannien sehr beliebt.,Tea is very popular in Great Britain.
"Sie trinkt kein Bier, nur Wein.","She doesn't drink beer, only wine."
"Er ist streng, aber gerecht.",He is strict but fair.
Der Regenbogen ist sehr schön.,The rainbow is very beautiful.
Was soll ich heute Abend anziehen?,What should I wear tonight?
Die Blumen blühen.,The flowers are blooming.
Hast du den Wecker gestellt?,Did you set the alarm clock?
Ich habe meinen Geldbeutel vergessen.,I forgot my wallet.
Verliert sie den Verstand?,Is she losing her mind?
Kannst du reiten?,Can you ride a horse?
Ich kann mich nicht konzentrieren!,I can't concentrate!
Du bist jung und hast noch dein ganzes Leben vor dir.,You are young and have got your whole life ahead of you.
Ich werde zu spät zur Arbeit kommen.,I'm going to be late for work.
Ich konnte letzte Nacht nicht schlafen.,I couldn't sleep last night.
Sie haben sich verwählt.,You've got the wrong number. (said on the phone)
Du hast mir das Leben gerettet!,You saved my life!
Wir werden Feuer mit Feuer bekämpfen.,We are going to fight fire with fire.
Ein Spiegelei hat 100 Kalorien.,One fried egg contains 100 calories.
Sie arbeitet für das Rote Kreuz.,She works for the Red Cross.
Gib dein Passwort an niemanden weiter.,Do not give out your password to anyone.
"Ist diese Zeitung kostenlos? Ja, ist sie.",Is this newspaper free? Yes it is.
Darf ich Ihre Bordkarte sehen?,Can I see your boarding pass?
In der Nähe gibt es zwei Golfplätze.,There are two golf courses nearby.
Sie haben den Feind besiegt.,They defeated the enemy.
Madrid ist eine große Stadt.,Madrid is a big city.
Darf ich Ihre Bestellung aufnehmen?,Can I take your order now? (restaurant)
Mein Vater ist Polizist.,My father is a policeman.
Ist er verrückt?,Is he crazy?
Meine Zähne sind sehr empfindlich.,My teeth are very sensitive.
Führst du Tagebuch?,Do you keep a diary?
Du darfst nicht zu spät zur Schule kommen!,You must not be late for school!
Schweine fressen fast alles.,Pigs eat almost anything.
Delphine sind intelligente Tiere.,Dolphins are intelligent animals.
Wann erwarten Sie sie zurück?,When do you expect her back?
Nichts ist mir wichtiger als meine Familie.,Nothing is more important to me than my family.
Sein Visum wurde widerrufen.,His visa was cancelled.
Er ist der perfekte Ehemann.,He is the perfect husband.
Warum bist du so verärgert?,Why are you so upset?
Möchtest du mit mir ausgehen?,Do you want to go out on a date with me?
Was ist passiert?,What happened?
"Bist du sicher, dass dies eine gute Idee ist?",Are you sure this is a good idea?
Kannst du dich an seinen Namen erinnern?,Do you remember what his name is?
Sie hat uns zum Essen eingeladen.,She invited us around for a meal.
Harte Arbeit führt zum Erfolg!,Hard work will bring you success!
Ich werde mein Versprechen halten.,I will keep my promise.
Wir haben diesen Film dreimal gesehen.,We have seen this movie 3 times.
Es klingelt an der Tür.,The doorbell rings.
"An dem Tag, an dem wir zum Strand gingen, regnete es.",It rained on the day we went to the beach.
Hörst du mir zu?,Are you listening to me?
Das Wetter war perfekt!,The weather was perfect!
Ist diese Bluse aus Seide?,Is this blouse made of silk?
Wann machst du deinen Abschluss?,When will you graduate?
Die Kneipe war voller Rauch.,The pub was filled with smoke.
Seine Freundin hat ihn verlassen.,His girlfriend left him.
Wann bist du hier angekommen?,When did you get here?
Drogen haben ihr Leben zerstört.,Drugs have destroyed her life.
Du hast mich schon wieder belogen?,You lied to me again?
Ich verzeihe dir!,I forgive you!
Ist das wahr?,Is that true?
Dieses Sofa ist bequem.,This couch is comfortable.
Du musst morgen früh aufstehen.,You will have to get up early tomorrow.
Ende der Woche ist Vollmond.,We will have a full moon at the end of the week.
Sie hat zwei Hunde und drei Katzen.,She has 2 dogs and 3 cats.
Meine Tochter ist mit dem Bus zur Schule gefahren.,My daughter took the bus to school.
Der Staubsauger ist kaputt.,The vacuum cleaner is broken.
Kannst du bitte das Aquarium säubern?,"Can you clean the fish tank, please?"
Ich bin euch allen dankbar.,I'm grateful to you all.
Du kannst ihm vertrauen.,You can trust him.
"Entschuldigung, wir sind spät dran.","Sorry, we are late!"
Rennen im Gang ist verboten.,Running in the hallway is not allowed.
Ich bin süchtig nach diesem Computerspiel!,I'm addicted to this computer game!
Ich bin älter als du.,I'm older than you.
Arbeitsplätze sind hier knapp.,Jobs are scarce here.
Kannst du mir ein Sandwich kaufen?,Can you buy me a sandwich?
Ich bedaure nichts.,I have no regrets.
Er kaufte ihr Blumen und Schokolade.,He bought her flowers and chocolate.
Unser Haus hat drei Etagen.,Our house has three floors.
Er entkam aus dem Gefängnis.,He escaped from prison.
Hat sie Russland für immer verlassen?,Has she left Russia for good?
Er ist beinahe ertrunken.,He almost drowned.
Sie ist erst ein paar Wochen schwanger.,She is only a few weeks pregnant.
"Er versuchte, sie zu beeindrucken.",He tried to impress her.
Er belog die Polizei.,He lied to the police.
Sie ergaben sich dem Feind.,They surrendered to the enemy.
"Einen Kaffee zum Mitnehmen, bitte.","One coffee to go, please."
"Es tut mir leid, es ist meine Schuld.","Sorry, this is my fault."
Wo warst du?,Where were you?
San Francisco ist eine lebhafte Stadt.,San Francisco is a vibrant city.
Mein Auto steht um die Ecke.,My car is parked around the corner.
Wo ist mein Portemonnaie?,Where is my wallet?
Ich muss einen Anzug kaufen.,I need to buy a suit.
"Wir können morgen an den Strand gehen, wenn es nicht regnet.",We can go to the beach tomorrow if it doesn't rain.
Ich habe meine Schulden bezahlt.,I paid my debts.
Die Fabrik schließt bald.,The factory will close down soon.
Ich backe mein Brot selber.,I bake my own bread.
Ist diese Frucht reif?,Is this fruit ripe?
Was möchtest du zum Nachtisch?,What would you like for dessert?
"Ich hoffe, du genießt deine Ferien.",I hope you are enjoying your holidays.
Ist das Fleisch noch frisch?,Is the meat still fresh?
Mach das Fenster nicht auf.,Don't open the window.
Das Haus brennt.,The house is on fire.
Die Katze jagt die Maus.,The cat is chasing the mouse.
"Los, gehen wir aus zum Abendessen.",Let's go out for dinner.
Willst du dir einen Film ansehen?,Do you want to see a movie?
Ich möchte keine Beilage.,I don't want a side dish.
Die Waschmaschine ist kaputt.,The washing machine is broken.
Wo ist Flugsteig Nummer 9?,Where is gate 9? (airport)
Heute ist es sehr bewölkt.,Today it is very cloudy.
Was ist dein Familienstand?,What is your family status?
Hat diese Wohnung einen Balkon?,Does this flat have a balcony?
Meine Tante ist neunzig Jahre alt.,My aunt is ninety years old.
Die Straße ist sehr schmal.,The street is very narrow.
Die Klingel läutet.,The bell is ringing.
Ist der Zug schon abgefahren?,Did the train leave already?
Der Streik wurde in letzter Minute abgesagt.,The strike was called off at the last minute.
Die Krähe flog weg.,The crow flew away.
Dies ist die Straße zum Park.,This is the road to the park.
Die Trauben sind sehr sauer.,These grapes are very sour.
Bitte kommen Sie übermorgen.,Please come the day after tomorrow.
Das Publikum war beeindruckt.,The audience was impressed.
Hast du das Gas abgeschaltet?,Have you turned off the gas?
Die Flut kommt.,The tide is coming in.
Du kannst dich auf sie verlassen.,You can rely on her.
Die Hitze ist heute unerträglich.,The heat is unbearable today.
Er schaltete das Radio aus.,He turned off the radio.
Ich werde wöchentlich bezahlt.,I'm paid weekly.
Ich stimme dem Plan nicht zu.,I don't approve of the plan.
Er kletterte über den Zaun.,He climbed over the fence.
Wir können dieses Problem lösen.,We can solve this problem.
Ich möchte dieses Gedicht auswendig lernen.,I want to learn this poem by heart.
Die Regierung wurde gestürzt.,The government was overthrown.
Lachen ist die beste Medizin.,Laughter is the best medicine.
Die Mädchen bauen einen Schneemann.,The girls are making a snowman.
Meine Schwiegereltern sind sehr nett.,My parents-in-law are very nice people.
Ich stehe um 7 Uhr auf.,I get up at 7 o'clock.
Ich brauche einen Job.,I need a job.
Hat dir das Konzert gefallen?,Did you enjoy the concert?
Ich spiele gut Klavier.,I play the piano well.
Wir diskutieren gerade diese Angelegenheit.,We are currently discussing this matter.
Kann ich dir einen Rat geben?,Can I offer you some advice?
Können Sie diesen Film entwickeln?,Can you develop this film?
Das Gras ist sehr trocken.,The grass is very dry.
Was ist deine Schuhgröße?,What's your shoe size?
Gibt es weitere Fragen?,Are there any other questions?
Behandle deine Eltern mit Respekt!,Treat your parents with respect!
Manchmal spricht meine Frau im Schlaf.,Sometimes my wife talks in her sleep.
Warum wurde meine Bewerbung abgelehnt?,Why was my application rejected?
Du musst deine Gewohnheiten ändern.,You have to change your habits!
Bitte stehen Sie auf.,Please stand up.
Ich brauche ein Aspirin.,I need an aspirin.
Bitte hör mir genau zu.,Please pay attention to what I'm saying.
Könntest du Obst und Gemüse einkaufen?,Could you buy fruits and vegetables?
Mein Sohn wird zu spät zur Schule kommen.,My son will be late for school.
Bitte komm rein.,Please come in.
Du verschwendest meine Zeit.,You are wasting my time.
Reich mir bitte die Soße.,Please pass the gravy to me.
Sie arbeitet in einem Kindergarten.,She works in a kindergarten.
Deine Freundschaft ist mir wichtig.,I value your friendship.
Heute ist mein Glückstag.,Today is my lucky day.
Ich vertraue ihr.,I trust her.
Ich hasse Gewalt.,I hate violence.
Ich werde am Ende der Woche bezahlt.,I get paid at the end of the week.
"Du bist die schönste Frau, die ich kenne.",You are the most beautiful woman I know.
Können Sie bar bezahlen?,Can you pay me in cash?
Der Hund bellt.,The dog barks.
Willst du diese Hose anprobieren?,Would you like to try on these trousers?
Gestern habe ich Surfen gelernt.,Yesterday I learnt how to surf.
Warum sind Sie immer spät dran?,Why are you always late?
Ich gehe nicht gerne ins Theater.,I don't like to go to the theatre.
Welches Gehalt möchten Sie bekommen?,What salary do you wish to get?
"Gut, Sie haben mich überzeugt.","Okay, you have persuaded me."
Gelegentlich arbeite ich bis Mitternacht.,Occasionally I work until midnight.
Soll ich Sie mitnehmen?,Shall I give you a lift?
Kannst du bitte auf die Bank gehen?,Can you go to the bank please?
Ich möchte bitte auschecken.,I would like to check out please. (hotel)
"Ich hasse es, Grammatik zu lernen!",I hate to learn grammar!
Sie ist eingeschlafen.,She fell asleep.
Was genau ist gestern geschehen?,What exactly happened yesterday?
Stopp! Die Ampel ist rot!,Stop! The traffic light is red!
Das Schiff ist gesunken.,The ship sank.
Was für einen Film möchtest du dir ansehen?,What kind of movie would you like to watch?
Welche Qualifikationen haben Sie?,What qualifications have you got?
Galileo war ein italienischer Wissenschaftler.,Galileo was an Italian scientist.
Ist diese Gegend nachts sicher?,Is this area safe at night?
Haben Sie eine Dessertkarte?,Do you have a dessert menu?
Schalte bitte das Licht aus.,Please turn off the light.
Ich wohne im dritten Stock.,I live on the third floor.
Kann ich bitte Ihren Chef sprechen?,"Can I talk to your boss, please?"
Haben Sie vegetarische Speisen?,Do you have vegetarian dishes?
Wo kann ich Tennis spielen?,Where can I play tennis?
Ich suche eine möblierte Wohnung.,I need a furnished apartment/flat.
Bitte lassen Sie mich in Ruhe!,Please stop hassling me!
Ich habe oft Rückenschmerzen.,I often have pains in my back.
Mein Onkel war Klempner.,My uncle was a plumber.
"Sie ist langsam, aber wenigstens verlässlich.","She is slow, but at least she's reliable."
Enthält dieses Produkt Nüsse?,Does this product contain nuts?
Wie kommt man von hier am schnellsten zu deinem Haus?,What is the fastest way from here to your house?
Dieser Vorschlag wird derzeit diskutiert.,This proposal is currently being discussed.
Sind diese Plätze besetzt?,Are these seats taken?
Alles in allem empfehle ich diese Universität.,All things considered I recommend this university.
Verstehst du dich mit deinem Bruder?,Do you get along with your brother?
Kann ich bitte noch etwas Kaffee haben?,"Can I have more coffee, please?"
Ich möchte eine Kleinanzeige aufgeben.,I would like to place a classified advertisement.
Dieser Apfel ist noch nicht reif.,This apple isn't ripe yet.
Der Verdächtige wurde festgenommen.,The suspect has been detained.
Haltet den Dieb!,Stop that thief!
Bitte fassen Sie mich nicht an!,Please don't touch me!
Kann ich eine Tragetasche haben?,Can I have a bag?
Können wir bitte das Thema wechseln?,Can we change the topic please?
Diese Krankheit ist unheilbar.,There is no cure for this illness.
Du steckst voller Überraschungen!,You are full of surprises!
Sorge dich nicht!,Don't worry!
Ich bin ihr dankbar.,I'm grateful to her.
Die Zahlung muss in bar erfolgen.,The payment has to be done in cash.
Er hat sich nicht mal entschuldigt.,He didn't even apologise.
Morgen erwarten wir einen Besucher.,Tomorrow we expect a visitor.
Gehen Sie immer geradeaus.,Go straight ahead. (on a street)
Wem gehört dieser Mantel?,Whose jacket is that?
Warum bist du so stur?,Why are you so stubborn?
Ich glaube du hast Recht!,I think you are right!
Fotografie ist eines meiner Hobbys.,Photography is one of my hobbies.
Ich höre oft Radio wenn ich arbeite.,I often listen to the radio when I work.
Das Gesicht ist der Spiegel der Seele.,The face is the mirror of the soul.
Willst du am Wochenende etwas unternehmen?,Do you want to do something on the weekend?
"Vertrauen ist gut, Kontrolle ist besser.","Trust is good, control is better. (proverb)"
Diese Lampe ist nicht hell genug!,This lamp isn't bright enough!
Was sollen wir nun tun?,What should we do now?
Er konnte sich nicht einmal entschuldigen.,He didn't even bother to apologise.
Habe ich einen Hunger!,I'm starving!
Er ist ein ruhiger Typ.,He is a quiet guy.
Die Bushaltestelle ist dort.,The bus stop is there.
Viele Leute finden Pinguine niedlich.,Many people think penguins are cute.
Kinder sollten schon früh teilen lernen.,Children should learn to share at an early age.
"Du hast keinen Grund, traurig zu sein.",You have no reason to be sad.
Bob hat das Rad schon repariert.,Bob has already repaired the wheel/bicycle.
Kaninchen sind so niedlich!,Rabbits are so cute!
Im Sommer fahre ich gern Motorrad.,I like riding a motorbike in the summer.
Davon habe ich null Ahnung!,I know nothing about this!
Reiche mir bitte deinen Teller.,"Pass me your plate, please."
"Guten Abend, meine Damen und Herren!","Good evening, ladies and gentlemen!"
Beide Kinder gehen schon zur Schule.,Both children are already going to school.
Schalten Sie bitte Ihr Handy aus!,Please turn off your mobile phone!
Bitte warten Sie im Gang.,Please wait in the hallway.
Offenbar hat er gelogen.,He obviously lied.
"Renaissance bedeutet ""Wiedergeburt"".","Renaissance means ""rebirth""."
Dieser Welpe ist einfach süß!,This puppy is simply cute!
Bitte halten Sie Distanz!,"Please, keep your distance!"
Ich ersuche Ihre Entscheidung.,I request your decision.
Ich esse nur Rindfleisch.,I only eat beef.
Die Kuh ist im Stall.,The cow is in the stable.
Dieser Schmetterling ist sehr selten.,This butterfly is very rare.
Ich wünsche einen angenehmen Abend.,Have a pleasant evening.
Herzlichen Glückwunsch zur bestandenen Prüfung!,Congratulations for passing your exam!
Du guckst so traurig. Was ist los?,You look so sad. What's the matter?
Wir müssen miteinander reden.,We need to talk.
Er ließ den Ball fallen.,He dropped the ball.
"Nein, wir haben keine Webseite.","No, we don't have a website."
Das ist ein schlechtes Zeichen.,That's a bad sign.
Sein Blutdruck ist sehr hoch.,His blood pressure is very high.
Die Ampel wurde grün.,The traffic light turned green.
"Ich wünschte, ich könnte schneller laufen.",I wish I could run faster.
Der See war nicht sehr tief.,The lake was not very deep.
Die Farbe war noch nicht getrocknet.,The paint was still wet.
Der Hund jagte die Katze.,The dog was chasing the cat.
Der Vogel baut ein Nest.,The bird builds a nest.
Sein Fernseher hatte keine Fernbedienung.,His TV set didn't have a remote control.
Der Adler breitet seine Flügel aus.,The eagle spreads its wings.
Das Haus hatte eine große Küche.,The house had a big kitchen.
Letzten Winter hatten wir keinen Schnee.,Last winter we didn't have any snow.
Warum hast du mich angelogen?,Why did you lie to me?
Der Himmel ist blau.,The sky is blue.
Schildkröten bewegen sich sehr langsam.,Tortoises move very slowly.
In diesem Fluss leben viele Fische.,A lot of fish live in this river.
Aller Anfang ist schwer.,All beginnings are difficult.
In Deutschland ist Fußball sehr beliebt.,In Germany football is very popular.
Bitte setzen Sie sich!,Please sit down!
Sie wurden zum Tode verurteilt.,They were sentenced to death.
Woran hast du sie erkannt?,How did you recognise them?
Ich liebe Erdbeeren mit Sahne.,I love strawberries with cream.
Ich dusche jeden Morgen.,I take a shower every morning.
Ameisen sind sehr fleißige Tiere.,Ants are very hard-working animals.
Das ist gar nicht wahr!,That isn't true at all!
Gemeinsam können wir es schaffen.,Together we can do it.
Was gibt es zum Nachtisch?,What's for dessert?
Was ist heute im Angebot?,What is on sale today?
Wieso starrst du mich an?,Why do you stare at me?
Ich habe ein Geschenk für dich!,I have a gift for you!
Dieses Gemälde ist sehr berühmt.,This painting is very famous.
Sie hat eine sexy Stimme.,She has a sexy voice.
Käse wird aus Milch hergestellt.,Cheese is made from milk.
Ich habe furchtbare Zahnschmerzen.,I have a terrible toothache.
Worauf wartest du?,What are you waiting for?
Wir hoffen auf eine bessere Zukunft.,We hope for a better future.
Kannst du dich noch an mich erinnern?,Can you still remember me?
Gibt es hier Internetzugang?,Is Internet access available here?
Willst du ein Stück Kuchen?,Do you want a piece of cake?
Zum Glück wurde niemand verletzt.,Fortunately nobody was hurt.
Wie weit ist es bis zur Stadt?,How far is it into town?
"Entschuldigung, ich habe Sie nicht verstanden.","Excuse me, I didn't understand you."
Kann ich bitte die Rechnung haben.,Can I have the bill please.
Kann ich bitte die Speisekarte sehen?,May I see the menu please? (to order food)
Dieser Baum ist über hundert Jahre alt.,This tree is over one hundred years old.
Hast du meinen Brief erhalten?,Did you receive my letter?
Willst du eine Galerie besuchen?,Do you want to visit a gallery?
Ich scheue Arbeit nicht.,I'm not afraid of work.
Ihm ist seine Gesundheit egal.,He doesn't care about his health.
Ich bin manchmal ganz schön launisch.,Sometimes I'm really bad-tempered.
Ist das eine echte Ming Vase?,Is that a real ming vase?
Er liest jeden Morgen die Zeitung.,He reads newspaper every morning.
Dieser Artikel ist sehr lang.,This article is very long.
Ich halte diesen Druck nicht mehr aus.,I can't cope with this pressure anymore.
Die Schweiz ist ein schönes Land.,Switzerland is a beautiful country.
Er schrieb einen langen Brief an seine Frau.,He wrote a long letter to his wife.
Ich habe meine Uhr vergessen. Wie spät ist es?,I've forgotten my watch. What time is it?
Ich habe diesen Bericht schon gesehen.,I've already seen this report.
Sie hat Angst vor dem Fliegen.,She is afraid of flying.
Sie hat einen spanischen Liebhaber.,She has a Spanish lover.
Diese Pizza kostet 5 Euro.,This pizza costs 5 Euro.
Willst du Kaffee oder Tee?,Do you want coffee or tea?
Dieses Buch hat mehrere hundert Seiten.,This book has hundreds of pages.
Er hat sich an der Hand verletzt.,He hurt his hand.
Das ist mehr oder weniger das Gleiche.,That's more or less the same.
Er treibt gerne Sport.,He likes to do sports.
Im August werden wir in den Urlaub fahren.,In August we will go on holiday.
Wir sprechen nicht gerne über Politik.,We don't like talking about politics.
Ich lebe im Stadtzentrum.,I live in the city centre.
Morgen fange ich ein neues Leben an.,Tomorrow I'll start a new life.
Mir ist langweilig.,I'm bored.
Die Universität ist weit weg.,The university is far away.
Das ist streng geheim.,This is top secret.
Er ist ihr Exmann.,He is her ex-husband.
Ich spreche Italienisch.,I speak Italian.
Das ist nicht erlaubt.,That is not allowed.
Es ist nicht deine Schuld.,It's not your fault.
Verlasse mich nicht.,Don't leave me.
Jemand hat mein Fahrrad gestohlen.,Somebody stole my bicycle.
Michael und ich haben soviel gemein.,Michael and I have so much in common.
Das habe ich nie erwartet.,I never expected this.
Du kannst den Beweis nicht ignorieren.,You can't ignore the evidence.
Wann hast du das entschieden?,When did you decide that?
Ist alles in Ordnung?,Is everything okay?
Gib nicht zu früh auf.,Don't give up too soon.
Stört dich das?,Does that bother you?
Er ist ein toller Typ.,He is a great guy.
Ich habe keine weiteren Fragen.,I have no further questions.
Wie gefällt dir das?,How do you like that?
Wie entferne ich diesen Fleck?,How do I remove this stain?
Ich schätze deine Ehrlichkeit.,I appreciate your honesty.
Warum rufst du mich ständig an?,Why do you keep calling me? (telephone)
Ich hatte keine Ahnung.,I had no idea.
Du hast mich erschreckt.,You frightened me.
Du hast keine Wahl.,You don't have a choice.
Sie hat Recht.,She is right.
Er ist total betrunken.,He is totally drunk.
Du verdienst eine zweite Chance.,You deserve a second chance.
Ich werde für dich da sein.,I'll be there for you.
Sie mag heiße Schokolade.,She likes hot chocolate.
Hör' bitte auf zu jammern.,Please stop whining.
Das geht dich nichts an!,That is none of your business.
Das bezweifle ich.,I doubt it.
Ich gehe spazieren.,I'm going for a walk.
Sei ruhig!,Be quiet!
Ich fühle mich nicht wohl.,I don't feel well.
Kannst du mir einen Gefallen tun?,Could you do me a favour?
Ich sollte mich bei ihm entschuldigen.,I should apologise to him.
Du verschwendest dein Geld.,You are wasting your money.
Man gewöhnt sich an alles.,One can get used to anything. (One can live with anything.)
Du bist mein bester Freund.,You are my best friend.
Die Toilette ist verstopft.,The toilet is clogged.
Wo bist du aufgewachsen?,Where did you grow up?
Indisches Essen ist sehr scharf.,Indian food is very spicy.
Wann fährt der Zug ab?,When does the train leave?
Wie lange dauert es?,How long does it take?
Ich nehme keine Drogen.,I don't take drugs.
Seine Verletzungen waren lebensbedrohlich.,His injuries were life-threatening.
Das ist nicht wahr.,That's not true.
Ich habe ihn seit langer Zeit nicht mehr gesehen.,I have not seen him in ages.
Soll ich einen Krankenwagen rufen?,Should I call an ambulance?
Er lebt am Ende der Welt.,He lives in the middle of nowhere.
Du hast keine Chance.,You don't stand a chance.
Ist das dein Ernst?,Are you serious?
Ich bin von dir enttäuscht.,I'm disappointed in you.
Bitte folgen Sie mir.,Please follow me.
Du bist dran.,It's your turn. (to do sth)
"Eine Rückfahrkarte nach Berlin, bitte.","One return-ticket to Berlin, please."
Wo kann ich ein Auto mieten?,Where can I hire a car?
Liebe macht blind.,Love is blind.
Die Hauptstadt von Argentinien ist Buenos Aires.,The capital of Argentina is Buenos Aires.
Mach dir darüber keine Sorgen.,Don't worry about it.
Ich verstehe nicht was sie an ihm findet.,I don't understand what she sees in him.
Bist du nervös?,Are you nervous?
Gib nicht so schnell auf!,Don't give up so easily!
Wo studierst du?,Where do you study?
Ich möchte eine Streifenkarte kaufen.,I would like to buy a strip ticket.
Kaffee ist sehr beliebt in Deutschland.,Coffee is very popular in Germany.
Sie ist gestern Abend angekommen.,She arrived last night.
Kannst du das Licht ausschalten?,Can you switch off the light?
Der Glaube kann Berge versetzen.,Faith can move mountains.
Morgen suche ich mir eine neue Wohnung.,Tomorrow I'll be looking for a new flat.
Kannst du bitte den Tisch decken?,Can you set the table please?
Ich möchte ein Konto eröffnen.,I would like to open a bank account.
Darf ich mich vorstellen?,May I introduce myself?
Kann ich eine Nachricht hinterlassen.,Can I leave a message? (e.g. on the phone)
Haben Sie noch ein Zimmer frei?,Are there any vacancies (vacant rooms)?
Akzeptieren Sie Kreditkarten?,Do you accept credit cards?
Ich sehe gerade fern.,I'm watching TV at the moment.
Er braucht dringend Nachhilfe.,He urgently needs private lessons.
In der Universität lerne ich viel.,I learn a lot at the university.
Dieser Lehrer ist sehr streng.,This teacher is very strict.
Ich studiere in Deutschland.,I'm studying in Germany.
Abends bin ich sehr müde.,I'm very tired in the evening.
Sie spricht fließend Deutsch.,She speaks fluent German.
Ein Versprechen ist ein Versprechen.,A promise is a promise.
Er surft gerne im Internet.,He likes to surf the Internet.
Ich bin fremd hier.,I'm a stranger here.
Bitte wiederholen Sie das.,Please repeat that.
Deutschland wurde 1990 wiedervereinigt.,Germany was reunited in 1990.
Überzeugen Sie sich selbst.,See for yourself.
Woher kommst du?,Where are you from?
Dieses Buch ist sehr interessant.,This book is very interesting.
Das Museum ist sehr interessant.,The museum is very interesting.
Meine Website ist endlich online.,My web site is finally online.