Das Anheben der Beine sorgt oft für eine vorübergehende Linderung der Symptome.,Elevating the legs often provides temporary symptomatic relief.
Das Verhältnis zu ihrer Familie ist zerrüttet.,The relationship with her family is broken.
Die Deutschen werden oft als ein Volk der Dichter und Denker bezeichnet.,The Germans are often referred to as a nation of poets and thinkers.
"Ein Skelett kommt in eine Bar und sagt: ""Ein Bier und ein Lappen, bitte!""","A skeleton walks into a bar and says: ""A beer and a rag, please!"""
Was hat der kleine Tim jetzt schon wieder ausgefressen?,What has little Tim been up to again?
"Das war nur eine Modeerscheinung, die schnell wieder verschwand.",That was just a fad that disappeared quickly.
"Nachdem er von einem Waschbären gebissen worden war, erkrankte er an Tollwut.",After being bitten by a raccoon he contracted rabies.
Nach dem Anschlag kreisten Hubschrauber über der Gegend.,"After the attack, helicopters circled over the area."
"Denk ich an Deutschland in der Nacht, dann bin ich um den Schlaf gebracht.","Thinking of Germany at night, puts all thought of sleep to flight. (famous verse from Heinrich Heine)"
"Er hat keine leiblichen Kinder, ist aber Stiefvater von Klara.","He has no biological children, but he is the stepfather of Klara."
Die Würde des Menschen ist unantastbar.,"Human dignity is inviolable. (often quoted sentence of the German basic law, the Grundgesetz)"
Merkels Rede in München ging in einem Pfeifkonzert unter.,Merkel's speech in Munich was drowned out by catcalls.
"Es ist nicht einfach, seine Bestimmung im Leben zu finden.",It is not easy to find one's purpose in life.
Verteile den Teig gleichmäßig auf dem Backblech.,Spread the dough evenly on the baking tray.
Es ist so kalt und du hast nur ein T-Shirt an!,"It's so cold, and you're only wearing a T-shirt!"
Das Flugzeug stürzte auf seinem Jungfernflug ab.,The plane crashed on its maiden flight.
Gestern kam es erneut zu Ausschreitungen zwischen Demonstranten und der Polizei.,Clashes between protesters and the police occurred again yesterday.
Stumpfsinniges Saufen ist nicht mein Ding.,Mindless boozing is not my thing.
Wenden Sie Ihre Kleidungsstücke vor dem Bügeln von innen nach außen.,Turn your clothes inside out before ironing them.
In Thailand kann man günstig ein Auto mit Fahrer mieten.,"In Thailand, it is cheap to hire a car with a chauffeur."
Die Zubereitung indischer Speisen ist sehr zeitintensiv.,Preparing Indian food is very time-consuming.
Ich habe mir für das Bewerbungsgespräch eine hellblaue Bluse gekauft.,I bought a light blue blouse for my job interview.
In das Bergdorf gelangen Sie nur über eine gefährliche Straße.,You can only reach the mountain village via a dangerous road.
"Er bekam einen riesigen Schreck, als die Erde plötzlich anfing zu beben.",He got very scared when the ground suddenly started to shake.
Bei der Arbeit im Labor muss er einen Kittel tragen.,He has to wear a smock while working in the laboratory.
Meine Großmutter mütterlicherseits ist schon 97 Jahre alt.,My maternal grandmother is already 97 years old.
"In der Schweiz und im Fürstentum Liechtenstein wird das ""ß"" nicht verwendet, sondern durch ""ss"" ersetzt.","In Switzerland and the Principality of Liechtenstein ""ß"" is not used but replaced by ""ss""."
"Sie ist sehr introvertiert, aber ihr Bruder ist sehr gesellig.","She is very introverted, but her brother is very social."
Ihre Tätigkeit als Ärztin bringt viel Verantwortung mit sich.,Her work as a doctor comes with a lot of responsibility.
Sie betupfte die Wunde mit Jod.,She dabbed the wound with iodine.
Die Kinderlosigkeit ist in Deutschland zu einem echten Problem geworden.,Childlessness has become a real problem in Germany.
"Mehl, Eier, Butter, Zucker und Milch sind die Hauptzutaten für einen Kuchen.","Flour, eggs, butter, sugar and milk are the main ingredients for a cake."
"Keine Sorge, dir wird schon wieder einfallen, wo du die Brille hingelegt hast.",Don't worry. You will soon remember where you put your glasses.
Die Feuchtigkeit im Badezimmer hat zu Schimmel an den Wänden geführt.,The humidity in the bathroom caused the walls to get mouldy.
Meine Patin hat mir ein wunderschönes Kleid zur Kommunion gekauft.,My godmother bought me a beautiful dress for my holy communion.
Bis auf einen einzelnen Baum war der ganze Wald abgeholzt.,"Apart from one single tree, the whole forest was cleared."
"Man sieht wie sie ihre Arbeit liebt, denn sie arbeitet voller Eifer und Enthusiasmus.","You can tell she loves her job, because she works with so much zeal and enthusiasm."
Das Kleid ist mir wie auf den Leib geschneidert.,This dress is practically made for me.
Der Strauch muss fachmännisch beschnitten werden.,The shrub has to be cut properly.
Die Krankenschwester betupft die Schläfe des Patienten.,The nurse dabs the patient's temple.
Er kommt aus einfachen Verhältnissen und baute sich mit Fleiß eine eigene Firma auf.,He has a simple background and built his own company through hard work.
Quinoa schmeckt gut und ist auch glutenfrei.,Quinoa tastes good and is also gluten-free.
In der Schweiz ist es verpönt mit seinem Reichtum zu protzen.,In Switzerland it is frowned upon to show off your wealth.
Er ging mir mit seinem besserwisserischen Gehabe auf die Nerven.,He got on my nerves with his know-it-all behaviour.
Die Rehe traten aus dem Dickicht.,The deer came out of the thicket.
In Deutschland ist die Vielehe verboten.,In Germany polygamy is illegal.
Er ist aufgrund seiner Äußerungen ein hoch umstrittener Politiker.,He is a highly controversial politician because of his statements.
In England haben die Autos das Lenkrad auf der rechten Seite.,"In England, the cars have the steering wheel on the right."
"Mein Zahnarzt ist der Meinung, dass die Anwendung von Amalgam gesundheitsschädlich ist.",My dentist thinks that the use of amalgam is harmful to health.
Er schaute angstvoll als er den Schuss hörte.,He looked anxiously when he heard the gunshot.
"Wir liegen alle in der Gosse, aber einige von uns betrachten die Sterne.","We are all in the gutter, but some of us are looking at the stars. (Oscar Wilde)"
Manche Menschen sind immun gegen guten Rat.,Some people are immune to good advice.
Er war während des Zweiten Weltkrieges ein Mitglied der französischen Résistance.,He was a member of the French resistance during World War II.
Etwa 75 % der Bevölkerung in Bahrain sind Schiiten.,About 75% of the population in Bahrain are Shiites.
Die Flagge des Kosovo ist das Ergebnis eines internationalen Design-Wettbewerbs.,The flag of Kosovo is the result of an international design competition.
Laut NASA ist der Asteroid sicher an der Erde vorbeigezogen.,According to NASA the asteroid has safely passed by Earth.
"Entschuldigung, ich habe Sie fälschlicherweise für jemand anderen gehalten.","Sorry, I've mistaken you for somebody else."
Ein Unbekannter hat eine 26-jährige Frau attackiert und deren Handtasche geraubt.,An unknown person attacked a 26-year-old woman and robbed her handbag.
"""Wie ist deine Gemütslage?"", fragte er in einem sarkastischen Ton.","""How is your mood?"" he asked in a sarcastic tone."
Seine Lieder sind von Schwermut geprägt.,His songs are characterised by melancholy.
Ist dir der Dopplereffekt ein Begriff?,Does the Doppler effect mean anything to you?
Gestern sind sie aus dem Knast getürmt.,Yesterday they broke out of jail.
"Ich weinte lautlos, weil ich nicht wollte, dass die anderen hörten, wie mich das mitnahm.","I cried silently, because I didn't want the others to hear how much this affected me emotionally."
Mein Arzt hat mir die Schulter wieder eingerenkt.,My doctor reset my shoulder.
Das hast du dir selbst eingebrockt!,You brought this upon yourself!
"Wer mit Ungeheuern kämpft, mag zusehen, dass er nicht dabei zum Ungeheuer wird.",He who fights with monsters should take heed that he does not become a monster.
Er ging auf meine Frage gar nicht ein.,He didn't even react to my question.
Heute ist der Strand wie leergefegt.,Today the beach is virtually empty.
"Jedes Mal, wenn ich meine Großmutter besuche, ist sie ein bisschen mehr geschrumpft.",Every time I visit my grandmother she has shrunk a bit more.
Er hielt eine ausgezeichnete Rede über die Ungleichheit in Amerika.,He gave an excellent speech about inequality in America.
Nymphensittiche können durch den Verzehr von Avocados sterben.,Cockatiels can die from eating avocados.
"Mauretanien war das letzte Land in der Welt, das die Sklaverei abgeschafft hat.",Mauritania was the last country in the world to abolish slavery.
Er ist so ein Tyrann! Niemand mag ihn.,He is such a bully! Nobody likes him.
Sie macht immer viel Aufhebens um kleine Dinge.,She always makes a fuss about small things.
"Was sie tun, ist nicht illegal, obwohl es in meinen Augen unmoralisch ist.","What they are doing is not illegal, although in my eyes it is immoral."
"Krankenhäuser sind gesetzlich verpflichtet, Notleidende zu behandeln.",Hospitals are required by law to treat people in need.
Colombo ist die größte Stadt von Sri Lanka.,Colombo is the largest city of Sri Lanka.
"Dinosaurier sind ausgestorben, weil sie nicht auf die Arche Noah passten.",Dinosaurs are extinct because they didn't fit on Noah's Ark.
Die Band kam für eine Zugabe zurück.,The band came back for an encore.
Ich habe Korallenriffe und exotische Fische auf Mauritius gesehen.,I've seen coral reefs and exotic fish in Mauritius.
Mauritius ist ein beliebtes Touristenziel.,Mauritius is a popular tourist destination.
"Ich hatte eine Leistenbruchoperation, als ich ein Kind war.",I've had a hernia operation when I was a child.
In Persien reisen Menschen auf fliegenden Teppichen.,In Persia people travel by magic carpets.
Sardinien ist eine autonome Region Italiens.,Sardinia is an autonomous region of Italy.
Früher gab es einen Sklavenmarkt in Sansibar.,There used to be a slave market in Zanzibar.
Ramallah ist eine palästinensische Stadt im Westjordanland.,Ramallah is a Palestinian city in the West Bank.
"Die Evolutionstheorie besagt, dass sich Arten im Laufe der Zeit durch Mutation ändern.",The theory of evolution states that species change over time via mutation.
Ein russischer Waffenhändler wurde zu 25 Jahren Gefängnis verurteilt.,A Russian arms dealer was sentenced to 25 years in jail.
"Bedaure nicht, älter zu werden - es ist ein Privileg, das vielen nicht vergönnt ist.",Do not regret growing older - it is a privilege denied to many.
Sie wurde für einen Unfall mit Fahrerflucht zu sieben Jahren Gefängnis verurteilt.,She was sentenced to seven years in prison for a hit-and-run accident.
Ihre Harnwegsinfektion wurde mit Antibiotika auskuriert.,Her urinary tract infection was cured with antibiotics.
"Einige Wissenschaftler glauben, dass ein Asteroid die Dinosaurier ausgelöscht hat.",Some scientists believe that an asteroid wiped out the dinosaurs.
Was ist der Schmelzpunkt von Stahl?,What is the melting point of steel?
Letztes Jahr hat sie ihre Bekehrung zum Hinduismus bekannt gegeben.,Last year she announced her conversion to Hinduism.
Der Koran ist in 114 Suren unterteilt.,The Koran is divided into 114 Suras.
Diese Meerjungfrau-Statue ist eine Touristenattraktion in Kopenhagen.,This mermaid statue is a tourist attraction in Copenhagen.
Welches historische Ereignis fand 1789 statt? Die Französische Revolution.,Which historic event took place in 1789? The French Revolution.
Nowosibirsk ist die größte Stadt Sibiriens.,Novosibirsk is Siberia's largest city.
Die industrielle Revolution war ein wichtiger Wendepunkt in der Geschichte.,The Industrial Revolution was a major turning point in history.
Diesem Album war kommerziell wenig Erfolg beschieden.,This album didn't enjoy much commercial success.
Das größte Hindernis zum Erfolg ist die Angst vor dem Scheitern.,The greatest barrier to success is the fear of failure.
Der einzig sichere Weg einen Truthahn aufzutauen ist im Kühlschrank.,The only safe way to defrost a turkey is in the refrigerator.
Tuberkulose ist nicht selten im Gefängnis.,Tuberculosis is not uncommon in prison.
Das Produkt ist mit Mängeln behaftet.,The product is flawed.
Daniel ist so ein Tollpatsch! Er hat sich beim Golf spielen selbst bewusstlos geschlagen.,Daniel is such a clumsy person! He knocked himself unconscious while playing golf.
Warum hat sie das Haus so fluchtartig verlassen?,Why did she leave the house in such a hurry?
Mein Vater war ein Magier. Er verschwand immer wieder als ich ein Kind war.,My father was a magician. He disappeared a lot when I was a kid.
"Bevor man sich auf einen Rachefeldzug begibt, sollte man zwei Gräber schaufeln.","Before you embark on a journey of revenge, dig two graves."
"Er schaut sich gerade ""Die Schwarzwaldklinik"" auf YouTube an.","He's watching the ""Black Forest Clinic"" on YouTube at the moment."
Die Überschwemmungen in Bosnien haben viel Schaden angerichtet.,The floods in Bosnia have done a lot of damage.
In ihrem Gemütszustand sollte sie nicht Auto fahren.,She shouldn't drive in her emotional state.
Der Rumpf des Schiffes wurde bei der Kollision beschädigt.,The hull of the ship was damaged during the collision.
Wo hast du die Ostereier versteckt?,Where did you hide the Easter eggs?
"""Ein Haus in der Großstadt zu mieten ist ja ganz schön teuer!"" - ""Ach was!""","""Renting a house in the city is quite expensive!"" - ""Of course!"""
"""Mein Lehrer glaubt nicht, dass ich die Prüfung bestehen werde."" - ""Ach was! Natürlich schaffst du das!""","""My teacher doesn't believe that I'll pass the exam."" - ""Nonsense! Of course you'll pass!"""
"""Kannst du das Alphabet aufsagen?"" - ""Ja, kann ich: A, B, C, D, E, F, G, H, I, J, K, L, M, N, O, P, Q, R, S, T, U, V, W, X, Y, Z.""","""Can you recite the alphabet?"" - ""Yes, I can: A, B, C, D, E, F, G, H, I, J, K, L, M, N, O, P, Q, R, S, T, U, V, W, X, Y, Z."""
Costa Rica hat Griechenland im Elfmeterschießen besiegt.,Costa Rica beat Greece in a penalty shootout.
"""Sollen wir uns um 15 Uhr in der Eisdiele treffen?"" - ""Abgemacht!""","""Should we meet at 3 o'clock in the ice-cream parlour?"" - ""Deal!"""
"Als ihm klar wurde, dass seine Krankheit unheilbar war, überkam ihm ein Gefühl tiefer Traurigkeit.",When he realised that his illness was incurable he was overcome by a feeling of deep sadness.
"""Ist dir deine Zukunft ganz und gar gleichgültig?"", sagte sie vorwurfsvoll.","""Don't you care about your future at all?"" she said reproachfully."
Man musste ihm den Magen auspumpen.,It was necessary to pump his stomach.
"Er gab zu nicht die Wahrheit gesagt zu haben, lehnte es jedoch ab sich offiziell zu entschuldigen.","He admitted not telling the truth, but declined to officially apologise."
"""Ich werde niemals Perfektion erlangen"", sagte er bescheiden.","""I will never achieve perfection,"" he said modestly."
Er kümmerte sich rührselig um seine Mutter.,It was touching to see how he took care of his mother.
"Man muss das Eisen schmieden, solange es heiß ist.",One should strike while the iron's hot.
"""Ich weiß nicht was ich ohne dich machen soll"", sagte er tieftraurig.","""I don't know what I would do without you,"" he said with utter sadness."
Der Ausfall eines Triebwerks hat den Flieger zur Rückkehr gezwungen.,The failure of one of the engines forced the plane to return.
Der Schiedsrichter hat das Tor fälschlicherweise nicht gegeben.,The referee wrongly disallowed the goal.
In China wird viel Kohle gefördert.,In China a lot of coal is mined.
"Der Ingenieur glaubt, dass die Zündung kaputt ist.",The engineer believes that the ignition is defective.
Deine Gleichgültigkeit bringt mich noch zum Wahnsinn!,Your indifference is driving me nuts!
Der Patient wurde für hirntot erklärt.,The patient was declared brain-dead.
Eine Transplantation hat ihm das Leben gerettet.,A transplantation saved his life.
"Sie will ihr neugeborenes Baby entweder Fritz, Heinz oder Thomas nennen.","She wants to call her newborn baby either Fritz, Heinz or Thomas."
"Ich kann nicht glauben, dass er einfach kampflos aufgab.",I can't believe that he gave up without a fight.
Die Weltmeisterschaft auszutragen hat Brasilien Unsummen gekostet.,Hosting the World Cup has cost Brazil enormous amounts of money.
Morgen wird der berühmte Modeschöpfer seine neue Kollektion vorstellen.,Tomorrow the famous fashion designer will introduce his new collection.
Wir sollten uns bald heimwärts begeben.,We should start making our way home.
Sie war am Boden zerstört als ihre Katze verschwand.,She was devastated when her cat disappeared.
Ausgerechnet unser bester Spieler hat ein Eigentor geschossen!,Of all people our best player scored an own goal!
In seiner Freizeit jagt er Zombies mit seiner Armbrust.,In his free time he hunts zombies with his crossbow.
In Vietnam leben oft drei Generationen zusammen unter einem Dach.,In Vietnam three generations often live together under one roof.
"Ich nahm ihn beim Wort, dass er mir helfen würde.",I took him at his word that he would help me.
Ich habe die größte Luftgitarren-Sammlung der Welt!,I've got the largest air guitar collection in the world!
Ein geplatztes Trommelfell kann zu einem Hörverlust führen.,A ruptured eardrum can lead to a hearing loss.
Alter Hass und moderne Waffen werden des Menschens Untergang sein.,Old hatreds and modern weapons will be humanity's undoing.
"Du solltest mein Angebot annehmen, ehe ich es mir anders überlege.",You should accept my offer before I change my mind.
Nur eine spezialisierte Firma kann diesen Job fachgerecht durchführen.,Only a specialised company can carry out this job properly.
"Sie schaute so wütend, als ob sie gleich den dritten Weltkrieg anfangen wollte.",She looked angry enough to start World War 3 on the spot.
Das Messegelände ist gleich hier um die Ecke.,The exhibition grounds are just round the corner.
"Komisch, diese Rindfleisch-Klopse schmecken nach Pferd!","Strange, these beef meatballs taste like horse!"
"Schreibe nichts der Böswilligkeit zu, was durch Dummheit hinreichend erklärbar ist.",Never attribute to malice that which can be adequately explained by stupidity.
Heute Morgen haben mich zwei Zeugen Jehovas um 7 Uhr aufgeweckt.,This morning two Jehovah's Witnesses woke me up at 7am.
"""Nur die weisesten und dümmsten Menschen ändern sich nie."" - Konfuzius","""Only the wisest and stupidest of men never change."" - Confucius"
Rom war die Hauptstadt des Römischen Reiches.,Rome was the capital of the Roman Empire.
Der Körper bildet Vitamin D durch Sonnenbestrahlung.,The body synthesises vitamin D from sun exposure.
Die Titanic rammte bei ihrer Jungfernfahrt einen Eisberg.,The Titanic collided with an iceberg on her maiden voyage.
Klapp die Toilettenbrille herunter oder sie flippt aus!,Don't leave the toilet seat up or she'll freak out!
Die Aktienmärkte schnellten am Mittwoch in die Höhe.,Stock markets soared on Wednesday.
Der Nil ist der längste Fluss der Welt.,The Nile is the longest river in the world.
Letzte Woche wurde meinem Vater die Gallenblase entfernt.,Last week my dad had his gall bladder removed.
Nach sechs Jahren Renovierung wurde das Theater wieder eröffnet.,After six years of restoration the theatre has reopened.
Gibt es Leben auf dem Mars?,Is there life on Mars?
"Der Zahnarzt sagte mir, dass meine Weisheitszähne gezogen werden müssen.",The dentist told me that my wisdom teeth need to be removed.
Sie haben für ihre Geburtstagsfeier einen Clown angeheuert.,They hired a clown for her birthday party.
Sie können den Butler zu jeder Zeit - Tag oder Nacht - erreichen.,You can reach the butler at any time day or night.
In Afrika wird viel Elektronikschrott illegal entsorgt.,A lot of electronic waste is illegally disposed of in Africa.
"""Ich hätte mich nicht einmischen sollen"", sagte sie voller Reue.","""I shouldn't have interfered,"" she said full of regret."
"Er hat sich eine Beinverletzung zugezogen, die das Ende seiner Tenniskarriere bedeuten könnte.",He suffered a leg injury that could end his tennis career.
Die Sonne befindet sich im Zentrum des Sonnensystems.,The sun is the centre of the solar system.
Der Mungo hat die Kobra getötet.,The mongoose killed the cobra.
Sein Großvater väterlicherseits war Gewürzhändler.,His paternal grandfather was a spice trader.
Er hatte unter Eid hinsichtlich seiner Beziehung zu ihr gelogen.,He had lied under oath about his relationship with her.
Er schrieb seine lange Lebensdauer dem Einnehmen von nur zwei Mahlzeiten pro Tag zu.,He attributed his longevity to eating just two meals a day.
Die Magnetbahn in Shanghai fährt mit 400 km/Stunde.,The magnetic railway in Shanghai travels at 400km/hour.
Malawi ist eines der ärmsten Länder der Welt.,Malawi is one of the poorest countries in the world.
Tripolis ist die Hauptstadt von Libyen.,Tripoli is the capital of Libya.
Antarktika ist der südlichste Kontinent der Erde.,Antarctica is Earth's southernmost continent.
"Es war erschütternd zu sehen, wie sehr er in den letzten 10 Jahren gealtert ist.",It was shocking to see how much he has aged in the last 10 years.
Entschuldige mal! Ich bin nicht dein Dienstmädchen!,Excuse me! I'm not your maid!
Der Chef hat gute Laune. Frag ihn nach einer Gehaltserhöhung!,The boss is in a good mood. Ask for a raise!
"Wenn du Spaß hast, vergeht die Zeit wie im Flug.",Time flies when you're having fun.
Die Sprache im Römischen Reich war Latein.,The language of the Roman Empire was Latin.
Der frühere tunesische Präsident wurde zu 35 Jahren Gefängnis verurteilt.,The Tunisian ex-President was sentenced to 35 years in jail.
Dies ist eine malerische Gegend Englands.,This is a picturesque part of England.
Das Gebäude hat seine eigene unabhängige Stromversorgung.,The building has its own independent power supply.
Das Unternehmen mietet mehrere riesige Warenlager an.,The company rents several huge warehouses.
Zum ersten Mal in der Geschichte leben mehr Menschen in Städten als in ländlichen Gegenden.,For the first time in history more people are living in cities than in rural areas.
Der Mars hat in etwa die Hälfte des Durchmessers der Erde.,Mars has approximately half the diameter of Earth.
Dieser neue Bakterienstamm ist sehr ansteckend.,This new strain of bacteria is highly infectious.
"Dieses Haus hat einen Weinkeller, ein Billardzimmer und einen Swimmingpool.","This house has a wine cellar, a billiard room and a swimming pool."
In den vergangenen Tagen gab es heftige Kämpfe in und außerhalb der Stadt.,There has been fierce fighting in and around the city in recent days.
Athen ist berühmt für die Akropolis.,Athens is famous for the Acropolis.
Die Überlebenschancen bei Krebs haben sich in den letzten 40 Jahren verdoppelt.,Cancer survival rates have doubled in the last 40 years.
Die Beatles waren ohne Frage die einflussreichste Band des zwanzigsten Jahrhunderts.,The Beatles were undoubtedly the most influential band of the twentieth century.
Der Anstieg des Ölpreises wird schwerwiegende Folgen für die Wirtschaft haben.,The rising price of oil will have dire consequences on the economy.
Der Diktator und seine Familie hatten einen ausschweifenden Lebensstil.,The dictator and his family had a very exorbitant lifestyle.
Die USA haben viele Militärbasen in der ganzen Welt.,The United States has a lot of military bases around the world.
Die globale Erwärmung hat Auswirkungen auf die Arktis.,Global warming is affecting the Arctic.
"Bei manchen Antidepressiva vermutet man, dass sie das Aggressionspotenzial erhöhen.",Some antidepressants are suspected of increasing the risk of violent behaviour.
"Golf ist eine der langweiligsten Sportarten, die man sich im Fernsehen ansehen kann.",Watching golf is one of the dullest sports to watch on TV.
Uganda ist stark abhängig von der Tourismusindustrie.,Uganda is heavily reliant on the tourism industry.
"Erdbeben stärker als Magnitude 8,5 sind selten.",Earthquakes greater than magnitude 8.5 are rare.
"Niemand wagte es, ihre Autorität in Frage zu stellen.",No one dared to question her authority.
Sie hatten versprochen es so schnell wie möglich zu Ende zu bringen.,They promised to finish it as soon as possible.
"Mir tut der Schwachkopf, der sich in dich verliebt, jetzt schon leid.",I pity the fool that falls in love with you.
Der größte Teil von Neuguinea besteht aus tropischem Regenwald.,Most of New Guinea is covered in tropical rainforest.
"Würden alle Insekten von der Erdoberfläche verschwinden, gäbe es innerhalb von fünfzig Jahren kein Leben mehr auf der Erde.","If all the insects were to disappear from the Earth, within fifty years all life on Earth would end."
Ich liebe es am offenen Kamin zu sitzen.,I love to sit in front of the fireplace.
Die Ausbeutung des Regenwaldes ist zu einem besorgniserregenden Problem geworden.,The exploitation of the rainforest has become a major worry.
Wissenschaftler haben eine neue Lemurenart entdeckt.,Scientists have found a new lemur species.
Der Drogenbaron wurde während eines Schusswechsels getötet.,The drug lord was killed during a gun battle.
Er ist immer in dubiose Geschäfte verwickelt.,He's always involved in some shady deals.
"Auf dem Schild draußen steht: ""Personal gesucht, bitte bewerben Sie sich im Laden""","The sign outside reads: ""Staff wanted - apply within""."
Es wird seit Jahrzehnten vor dem Rauchen gewarnt und trotzdem rauchen viele Leute weiterhin.,"Despite decades of warnings, people still continue smoking."
Der plötzliche Anstieg der Aktienpreise hat die Wirtschaftsexperten überrascht.,The sudden rise in share prices has surprised economists.
Einige Leute betrachten den Buddhismus als eine Philosophie und nicht als eine Religion.,Some people regard Buddhism as a philosophy not a religion.
Man lebt nur einmal - es sei denn man ist ein Hindu!,You only live once - unless you are Hindu!
In dieser kargen Gegend leben nur wenige Menschen.,Not a lot of people live in this barren landscape.
Sein guter Vorsatz für das neue Jahr ist es abzunehmen.,His New Year's resolution is to lose weight.
Wasserstoff besteht aus einem Proton und einem Elektron.,Hydrogen consists of one proton and one electron.
Dieser brutale Terrorakt kostete vielen Menschen das Leben.,This brutal act of terrorism cost many people's lives.
Ohne den Mikrochip gäbe es keine moderne Computer.,Without the microchip there would be no modern computers.
Während des Erdbebens in Haiti brachen viele Verbrecher aus dem Gefängnis aus.,During the earthquake in Haiti a lot of criminals escaped from prison.
Helium ist ein farbloses und geruchloses Gas.,Helium is a colourless and odourless gas.
"Die Aufgabe des Imkers ist es, Honig von Bienen zu klauen.",The job of a beekeeper is to steal honey from bees.
"Mit dem Hund Gassi gehen, ist eine wunderbare Art, sportlich aktiv zu sein.",Walking your dog is a great way to get regular exercise.
Mein Vater ist ein großer Fan dieses niederländischen Geigers.,My dad is a big fan of this Dutch violinist.
Sind Selbstgespräche das erste Zeichen von Verrücktheit? Ich glaube schon!,Is talking to yourself the first sign of madness? I think so!
Bulgarisch und Russisch sind sehr ähnliche Sprachen.,The Bulgarian and Russian language are very similar.
"Wenn du abnehmen möchtest, musst du weniger essen und mehr Sport treiben.",If you want to lose weight you need to eat less and exercise more.
Ich leihe mir immer Geld von Pessimisten. Sie erwarten es nicht zurück.,I always borrow money from pessimists. They won't expect it back.
Ist auf deinem Computer ein Textverarbeitungsprogramm installiert?,Is there a word processor installed on your computer?
"Fieber, Schüttelfrost und Erbrechen sind Symptome von Malaria.","Symptoms of malaria include fever, shivering and vomiting."
"Ermittlungen, die untersuchen was zu seinem Tod führte, laufen noch.",An investigation of what led to his death is still ongoing.
"Nachdem er sich mit Malaria angesteckt hat, hatte er Angst zu sterben.",He feared he would die after contracting malaria.
Steinigungen werden in manchen Ländern immer noch praktiziert.,Stoning is still practiced in some countries.
Mein Bruder unterrichtet Wirtschaftswissenschaften in London.,My brother teaches economics in London.
"Das ist das schlechteste Hotel, in dem ich je übernachtet habe.",This is the worst hotel I've ever stayed in.
Millionen von Menschen sind im 20. Jahrhundert an den Pocken gestorben.,Millions of people died of smallpox in the 20th century.
Die meisten Bereiche des Gehirns sind im Schlaf immer noch aktiv.,Most areas of the brain are still active during sleep.
Entgegen dem Volksglauben steckt der Strauß seinen Kopf nicht in den Sand.,Contrary to popular belief the ostrich does not hide its head in the sand.
Die Flugindustrie ist sehr umkämpft.,The airline industry is very competitive.
"Das Passwort, das du eingegeben hast, ist inkorrekt.",The password you entered is incorrect.
Ich war immer sehr unentschlossen. Jetzt bin ich mir da nicht mehr so sicher.,I used to be indecisive. Now I'm not sure about that anymore.
Uruguay gewann das erste Endspiel der Weltmeisterschaft im Jahre 1930.,Uruguay won the first World Cup final in 1930.
Meiner Meinung nach sind Militärparaden eine vulgäre Zurschaustellung von Macht.,In my view a military parade is a vulgar display of power.
"Einige Leute glauben immer noch, dass die Mondlandung ein Schwindel war.",Some people still believe that the moon landing was a hoax.
Der Dienstvorgesetzte hat die Schwere der Lage nicht erkannt.,The supervisor did not recognise the gravity of the situation.
"Krokodile, Eidechsen, Schlangen und Schildkröten sind alles Reptilien.","Crocodiles, lizards, snakes and turtles are all reptiles."
China ist das bevölkerungsreichste Land der Erde.,China has the world's largest population.
"Nur Burma, Liberia und die Vereinigten Staaten benutzen nicht das metrische System.","Only Burma, Liberia, and the United States don't use the metric system."
Die Geburt des Universums begann mit dem Urknall.,The birth of the universe started with the big bang.
Ich verstehe nicht. Könntest du das bitte umformulieren?,"I don't understand. Could you rephrase that, please?"
"Sie haben viele Haustiere: Hunde, Katzen, ein Fisch und sogar eine Eidechse!","They have a lot of pets: Dogs, cats, a fish and even a lizard!"
Diese Zahnpasta beinhaltet nur natürliche Inhaltsstoffe.,This toothpaste contains only natural ingredients.
Er wurde als Bodyguard für einen wohlhabenden Geschäftsmann angeheuert.,He was hired as a bodyguard of a wealthy businessman.
Verarbeitete Lebensmittel haben eine größere Gewinnspanne als natürliche Lebensmittel.,Processed foods have a higher profit margin than natural foods.
"Der Polizist sagte dem Jungen, er solle keinen Müll fallenlassen.",The policeman told the boy not to drop litter.
Leider können wir Preiserhöhungen nicht aus dem Weg gehen.,Unfortunately we can't avoid raising prices.
Sie ging bis zu ihrem 15. Lebensjahr auf eine katholische Schule.,She attended a Catholic school until the age of 15.
Die Regierung plant Lehrern mehr Freiraum hinsichtlich der Lehrpläne zu geben.,The government plans greater freedom for teachers over the curriculum.
In der Trockenzeit ist der Wasserstand niedrig.,In the dry season the water level is low.
"Der Film ""Die Nacht der lebenden Toten"" wird als klassischer Horrorfilm angesehen.","""Night of the Living Dead"" is considered a horror movie classic."
"Der Verbrecher wurde geschnappt, als seine DNA auf einer Zigarette gefunden wurde.",The criminal was caught when his DNA was found on a cigarette.
Drücke die Escape-Taste um aus dem Vollbildmodus herauszukommen.,Press the Escape key to exit full screen mode.
Ich habe mich geschnitten. Ich bin so tollpatschig!,I've cut myself. I'm so clumsy!
Verwenden Sie bitte keine Geschmacksverstärker in meinem Gericht.,Please don't use any flavour enhancer in my dish.
Die Tschernobyl-Katastrophe hatte schlimme Folgen.,The Chernobyl disaster had devastating consequences.
Diese Krankheit wurde vor 30 Jahren ausgemerzt.,This disease was eradicated 30 years ago.
"Ich kann nicht ungeschehen machen, was passiert ist.",I can't undo what happened.
Er ist eine einflussreiche Persönlichkeit in der Musikindustrie.,He is an influential figure in the music industry.
Darf ich dich auf einen Drink einladen?,Can I buy you a drink?
Die britische Regierung hat Ausgabensenkungen in Höhe von mehr als 6 Milliarden Pfund angekündigt.,The British government announced spending cuts of over 6 billion pounds.
"Kim Jong-Il plant, das Hungerproblem in Nordkorea zu lösen, indem er riesige Kaninchen züchten lässt.",Kim Jong-Il plans to solve hunger in North Korea by breeding giant rabbits.
"Jack Sparrow ist eine fiktive Figur, die von Johnny Depp dargestellt wird.",Jack Sparrow is a fictional character portrayed by Johnny Depp.
Sie gab ihm ein falsches Alibi.,She provided him with a false alibi.
Die Arbeitszeiten in meinem derzeitigen Job sind nicht sehr regelmäßig.,The working hours of my current job are not very regular.
Bei ihr wurde eine besonders aggressive Form des Brustkrebses diagnostiziert.,She was diagnosed with a particularly aggressive form of breast cancer.
Im letzten Jahr ist die Kriminalitätsrate gesunken.,The crime rate has gone down last year.
Meine Tochter hat eine schlimme Ohrenentzündung bekommen.,My daughter caught a terrible ear infection.
"Ich habe in der Zeitung gelesen, dass die Armutsquote in den USA gestiegen ist.",I've read in the newspaper that the U.S. poverty rate rose.
"Das Universum expandiert, aber wo hinein expandiert es?","The universe is expanding, what is it expanding into?"
Nur einfache Organismen können im Toten Meer überleben.,Only simple organisms can live in the Dead Sea.
Während ihrer Schwangerschaft litt sie unter morgendlicher Übelkeit.,She had morning sickness during her pregnancy.
Der Park ist von unserem Hotel aus in fünf Minuten zu Fuß erreichbar.,The park is a five minute walk from our hotel.
"Samstag ist für viele Leute ein Tag, um sich zu vergnügen und zu entspannen.",Saturday is a day for many people to enjoy themselves and relax.
Herr Ober! Da ist eine Fliege in meiner Suppe!,Waiter! There's a fly in my soup!
"Ihre Operation liegt erst eine Woche zurück, aber sie kann schon gut mit Krücken gehen.","Her surgery was only last week, but already she's walking well with crutches."
Auf dieser Insel herrscht ein subtropisches Klima.,This island has a subtropical climate.
In ganz Europa gab es im 13. Jahrhundert Tanzbären.,All of Europe had dancing bears during the 13th century.
Beharrlichkeit ist der Schlüssel zum Erfolg.,Persistence is the key to success.
"Sieh nur, der Weihnachtsmann ist im Kamin steckengeblieben!","Look, Santa Claus got stuck in the chimney!"
"Vorsicht! Stoßen Sie nicht Ihren Kopf an, wenn Sie das Haus betreten.",Watch your head when you enter the house.
Der einzige Überlebende des Flugzeugabsturzes war ein Junge aus den Niederlanden.,The sole survivor of the airplane crash was a Dutch boy.
Man konnte die Explosion meilenweit spüren.,The explosion was felt for miles.
"Ich frage mich, ob ein Fötus Schmerzen empfinden kann.",I wonder if a foetus can feel pain.
Die Geschmacksknospen befinden sich auf der Zunge.,The taste buds are located on the tongue.
"Ich habe gehört, dass es eine Krabbenart gibt, die Kokosnüsse öffnen kann.",I've heard there is a crab species that can crack coconuts.
Dieser Film beruht auf einer wahren Begebenheit.,This movie is based on a true story.
"Keine Partei hat es geschafft, sich die Mehrheit bei den Wahlen zu sichern.",No party has been able to secure a majority in the elections.
Ihre Fruchtblase platzte und danach hat sie entbunden.,Her water broke and soon afterwards she gave birth.
Puste die Kerzen aus und wünsche dir was!,Blow out the candles and make a wish!
"Mein Traum ist es, Afrika zu besuchen und Elefanten in der Wildnis zu sehen.",My dream is to visit Africa and see elephants in the wild.
"Fast jedes Mal wenn ich mit einem Boot fahre, werde ich seekrank.",Whenever I ride in a boat I almost always become seasick.
"Als ich meinen Hausschlüssel verloren hatte, musste ich einen Schlüsseldienst rufen.",When I lost the key to my house I had to call a locksmith.
Bei uns zuhause machen wir oft Suppe aus den Essensresten des Vorabends.,"In our house, soup is often made from leftovers from the night before."
"Mich graust es vor der Bürokratie, die durch Regierungsreformen entsteht.",I have a dread of the bureaucracy generated by government reforms.
"Bevor das Flugzeug abheben konnte, musste der Schnee von der Startbahn geräumt werden.","Before the plane could take off, the runway had to be cleared of snow."
"Sie wünschte sich, dass er ab und zu das Badezimmer saubermachen würde, ohne dass sie ihn darum bitten muss.",She wished he would occasionally clean the bathroom without being asked.
Morgen werden wir in der Schule einen Frosch sezieren.,Tomorrow we will dissect a frog in school.
"Mir stehen 130.000 Euro zur Verfügung, um mir ein Haus zu kaufen.","My budget to buy a house is 130,000 Euro."
"Die bevölkerungsreichsten Städte in Europa sind London, Berlin und Madrid.","The most populous cities in Europe are London, Berlin and Madrid."
Rauchen fügt Ihnen und den Menschen in Ihrer Umgebung erheblichen Schaden zu.,Smoking seriously harms you and others around you.
"Eine Studie fand heraus, dass Frauen ihre Intelligenz unterschätzen, Männer sie dagegen überschätzen.","A study found that women underestimate their intelligence, while men overestimate theirs."
20% der Weltbevölkerung verbrauchen 80% der Ressourcen.,20% of the world's population consumes 80% of its resources.
"Dieser Rucksack ist so schwer, dass ich ihn kaum hochheben kann.","This backpack is so heavy, I can hardly lift it."
Ich will an der Uni Geologie studieren.,I want to study geology in college.
Hast du Lust auf eine Schachpartie?,Would you like to play a game of chess?
"Er brachte es nicht fertig, das verletzte Tier zu töten.",He couldn't bring himself to kill the injured animal.
Der FC Bayern München ist momentan an der Tabellenspitze.,Bayern Munich is at the top of the league at the moment.
Der Unfall wurde durch menschliches Versagen verursacht.,The accident was caused by human failure.
"Obwohl er ein berühmter Popstar ist, trägt er sehr schlichte Kleidung.","Even though he is a famous pop star, he dresses very simply."
"Wir haben es nicht vorrätig, aber es könnte in 24 Stunden hier sein.","We don't have it in stock, but it could be here in 24 hours."
Ich habe eine Topfpflanze auf dem Fensterbrett stehen.,I keep a potted plant on my window sill.
Wangenküsse sind in Frankreich sehr verbreitet.,Cheek kissing is very common in France.
Das geheime Dokument sickerte gestern an die Presse durch.,The secret document was leaked to the press yesterday.
Er hat die Firma aus dem Nichts zu einem Großunternehmen aufgebaut.,He developed the company from nothing to a big enterprise.
"Meine Eltern werden ausrasten, wenn ich so spät nach Hause komme.","My parents will freak out, if I come home so late."
"Er verfiel in Panik, als er merkte, dass die Bremsen nicht funktionierten.",He panicked realising that the brakes weren't working.
"Der Arzt hat gesagt, dass diese Operation sehr riskant ist.",The doctor said that this operation is very risky.
"Ich gehe zum Lebensmittelladen, um Milch und Brot zu kaufen.",I'm going to the grocery store to buy milk and bread.
"Astronomen benutzen Teleskope, um die Sterne zu beobachten.",Astronomers use telescopes to study the stars.
Die Brände in Australien haben großen Schaden angerichtet.,The fires in Australia caused lots of damage.
Die Bevölkerung der USA beläuft sich auf mehr als 300 Millionen Einwohner.,The USA has a population of over 300 million people.
"Er wurde Millionär, nachdem er eine Marktlücke entdeckt hatte.",He became a millionaire after spotting a gap in the market.
Ich suche eine Wohnung. Welche Gegend hat eine niedrige Kriminalitätsrate?,I'm looking for a flat. Which area has low crime?
Die größte Wüste der Welt liegt in Nordafrika.,The largest desert in the world is in North Africa.
Man hat mir die Brieftasche gestohlen. Wo ist die nächste Polizeistation?,My wallet has been stolen. Where is the nearest police station?
"Ich brauche einen Job, um meine Schulden abzuzahlen.",I need a job to pay off my debts.
"Sein Traumjob ist es, Briefträger zu werden und mit einsamen Hausfrauen zu flirten.",His dream job is to become a postman and flirt with lonely housewives.
"Ich hoffe, hundert Jahre alt zu werden, wie meine Urgroßmutter.",I hope to live to a hundred like my great-grandmother.
Man hat von hier eine grandiose Aussicht!,The view from here is fantastic!
Die Entsorgung von Atommüll stellt ein Problem dar.,The disposal of nuclear waste is a problem.
Das glaube ich nicht - das ist eine verrückte Verschwörungstheorie!,I don't believe that - it's a crazy conspiracy theory!
Eine Reform des Bildungssystems ist notwendig.,A reform of the educational system is necessary.
"Glaubst du, dass Zeitreisen irgendwann einmal möglich sein werden?",Do you think time travel will be possible one day?
Diese Handgeste gilt in meinem Land als unhöflich.,This hand gesture is considered rude in my country.
"""Pulp Fiction"" wird von vielen Cineasten als Kultfilm angesehen.","""Pulp Fiction"" is considered a cult movie by many film fans."
Ich habe noch nie einen Luchs in freier Wildbahn gesehen.,I have never seen a lynx in the wild.
"Wir müssen ausziehen, weil der Vermieter Eigenbedarf angemeldet hat.","We have to move out, because the landlord has notified us that he needs the property for his own use."
Bitte richte schöne Grüße von mir an deine Frau aus!,Please send my regards to your wife!
Angesichts der Unruhen rät das Auswärtige Amt von Reisen nach Bangkok ab.,In light of the unrest the Foreign Office advises against travelling to Bangkok.
Wie kannst du in so einer Bruchbude leben?,How can you live in this dump?
"Glaubst du es ist jetzt empfehlenswert, Geld in Aktien oder Fonds zu investieren?",Do you think it's advisable to invest money in shares or funds at the moment?
Ich hasse es in dieser geldgierigen Gesellschaft zu leben!,I hate to live in this money-mad society!
Auf modernen Computern kann man riesige Datenmengen speichern.,On modern computers one can save huge amount of data.
Aufgrund der Wirtschaftskrise wurde dieser Betrieb im letzten Monat geschlossen.,Due to the economic crisis this company was closed down last month.
Es gibt nicht mehr viele indianische Stämme in Amerika.,There aren't many Indian tribes left in America.
"Bitte melde dich, wenn du wieder einmal in Heidelberg bist.",Please contact me when you are in Heidelberg again.
"Die Polizei geht davon aus, dass es einen Zusammenhang zwischen diesen zwei Verbrechen gibt.",The police believe that there is a connection between these two crimes.
Ich habe meinem Lieblingsautor einen Brief geschrieben und zu meiner Verblüffung hat er mir geantwortet.,I've sent a letter to my favourite author and to my astonishment he answered me.
"""An diesem Ort spukt es"", sagte der alte Mann angsterfüllt.","""This place is haunted,"" said the old man terrified."
Seine Lieblingsfächer sind Mathe und Physik.,His favourite subjects are maths and physics.
"Der Unterschied dieser zwei Kategorien, ist mir nicht ganz klar.",The difference between those two categories is not clear to me.
Der diensthabende Arzt konnte das Leben des Kindes retten.,The doctor on duty was able to save the child's life.
Diese Datei ist zu groß zum Verschicken als Email-Anhang.,This file is too large for sending as an email attachment.
"Es ist schon erstaunlich, was für Kreaturen es in der Tierwelt gibt.",It is really astonishing what kind of creatures exist in the animal world.
In der Vergangenheit waren Hüte ein Indikator des sozialen Status.,"In the past, hats were an indicator of social status."
"Wegen Glatteis, ist das Fahrzeug von der Straße abgekommen - aber bis auf eine kleine Delle, ist nichts passiert.",Due to black ice the vehicle left the road - but apart from a small dent nothing happened.
"Er war jahrelang arbeitslos, hat aber schließlich einen Job als Hausmeister gefunden.","He was unemployed for years, but eventually found a job as a janitor."
"Ich würde dieses Jahr gerne nach Mallorca fliegen, allerdings habe ich kein Geld gespart.","I would like to fly to Majorca this year, however I haven't saved any money."
Der Emu ist eine flugunfähige Vogelart.,The emu is a flightless type of bird.
"Ich glaube, dass wir uns zunächst keinen Urlaub leisten können.",I think that we can't afford a holiday for now.
Der Pottwal kommt in allen Ozeanen der Welt vor.,The sperm whale is distributed across all world's oceans.
Die Stadt Frankfurt ist das größte Finanzzentrum in Deutschland.,The city of Frankfurt is the largest financial centre in Germany.
"Dieses Hotel ist eine Zumutung, für alles wird eine extra Gebühr berechnet.","This hotel is horrible, they charge an extra fee for everything."
Die Zahl 13 wird in einigen Ländern mit Unglück in Zusammenhang gebracht.,The number 13 is associated with bad luck in some countries.
"Drei von vier Leuten sehen den Klimawandel, als sehr ernstes Problem an.",Three out of four people consider climate change to be a serious problem.
"Mein Chef ist schon über fünfzig, aber er schaut noch sehr jung aus.","My boss is already over 50, but he still looks very young."
"Ich weiß nicht ob ich London liebe oder hasse, es ist wohl ein Fall von Hassliebe.","I'm not sure I love or hate London, it's probably a case of a love-hate relationship."
"Zur Sicherheit schnalle ich mich immer an, auch bei kurzen Fahrten.","For security I always put on a seatbelt, even for short journeys."
"Diese Möbel sind brandneu, und schon hat meine Katze sie zerkratzt.","That furniture is brand new, and my cat has already scratched it."
"Ach jemine, am 3. Juni dieses Jahres werde ich dreißig Jahre alt.","Oh dear, on the 3rd of June this year I turn 30."
"Bevor du deinen Forumsbeitrag abschicken kannst, musst du einen Bestätigungscode eingeben.","Before you can send your forum message, you need to enter a confirmation code."
"Seit die Aufträge zurückgegangen sind, hat die Firma 50% der Belegschaft fristlos gefeuert.","Since orders declined, the company has fired 50% of the work force without notice."
Ich habe gefrühstückt und kurz darauf bin ich in die Stadt gefahren.,"I had breakfast, and shortly afterwards I drove into town."
"Der Speiseplan von Löwen besteht aus Antilopen, Gazellen, Gnus, Zebras und leichtfertigen Touristen.","The diet of lions consists of antelopes, gazelles, gnus, zebras and careless tourists."
Er ist Programmierer und interessiert sich mehr für Software als für Hardware.,He is a programmer and more interested in software than hardware.
"Die Zutaten von Hummus sind Kichererbsen, Sesam, Olivenöl, Zitronensaft und Salz.","The ingredients of hummus are chickpeas, sesame, olive oil, lemon juice and salt."
Willst du einen Imbiss? Ich habe einen Bärenhunger!,Do you want a snack? I'm starving!
"Im Mittelalter glaubte man, dass die Welt aus vier Elementen besteht: Erde, Wasser, Luft und Feuer.","In the Middle Ages it was believed, that the world consists of four elements: earth, water, air and fire."
Hast du die Bedienung gesehen? Was für eine heiße Braut!,Did you see the waitress? What a hottie!
In Deutschland steht die Kreuzotter unter Naturschutz.,"In Germany, the crossed viper is a protected animal."
"Sie trinkt viel zu viel. Dazu kommt noch, dass sie wieder mit dem Rauchen angefangen hat!","She drinks far too much. In addition, she started smoking again!"
Ich möchte auf das Land ziehen! Ein Tapetenwechsel wird uns guttun.,I want to move to the countryside! A change of scenery will do us good.
"Der Elefant ist das größte Säugetier, dass an Land lebt.",The elephant is the largest mammal living on land.
An diesem Teil der Küste sieht man oft Buckelwale.,At this part of the coast you can often see humpback whales.
"Mein Computer verhält sich sehr seltsam, ich glaube ich habe mir einen Virus eingefangen.","My computer is behaving very strange, I think I've got a virus."
Hinter der Geheimtür lag ein Gang.,There was a passageway behind the secret door.
"Herr Ober, bitte bringen Sie den nächsten Gang!","Waiter, please bring in the next course!"
Auf dieser Insel gibt es noch sehr viele Warane.,"On this island, there are still many monitor lizards."
"Ich sitze oft lange vorm Computer, und danach tut mir manchmal das Genick weh.","I often spend long hours in front of the computer, and afterwards I sometimes have a pain in my neck."
"Kannst du dich erinnern, wie man den Umfang eines Vierecks berechnet?",Can you remember how to calculate the perimeter of a square?
Der Fink hat sein Nest in der Hecke gebaut.,The finch has built its nest in the hedge.
Der Schwan ist ein majestätischer Vogel.,The swan is a majestic bird.
"Um seine Schulden abzubezahlen, arbeitete er wie ein Berserker.",He worked like a madman to pay off his debts.
Heute gehen wir in das Museum für zeitgenössische Kunst.,"Today, we are going to the museum of contemporary art."
"Seit sie einen neuen Job hat, ist sie nicht mehr so bedrückt.",She has been less depressed since she found a new job.
"Als sie den Frosch küsste, wurde aus ihm ein stattlicher Prinz.","When she kissed the frog, it turned into a handsome prince."
Hast du schon einmal libysches Essen probiert?,Have you ever tried Libyan food?
"Heute auf der Safari, habe ich eine große Herde Zebras gesehen.",Today on the safari I saw a big herd of zebras.
Das Schloss wurde von einem feuerspeienden Drachen bewacht.,The castle was guarded by a fire-breathing dragon.
"Oh mein Gott, ich glaube da hat sich ein Unfall ereignet!","Oh my God, I think an accident happened there."
Im Süden von Taiwan ist es viel heißer als im Norden.,In the South of Taiwan it's much hotter than it is in the North.
"Seine Arbeit ist so stressig, dass er mit dreißig schon graue Haare bekommen hat.",His work is so stressful that he got grey hair when he was thirty.
So ein Muttersöhnchen! Seine Mutter macht alles für ihn!,What a mama's boy! His mother is doing everything for him!
Ich habe mich unsterblich in dich verliebt!,I'm madly in love with you!
"Ich habe in der Zeitung gelesen, dass ein Wal an der britischen Küste gestrandet ist.",I read in the newspaper that a whale was stranded on the British coast.
"Er ist aus den USA, aber seine Urgroßeltern kommen aus Deutschland.","He is from the USA, but his great-grandparents are from Germany."
Gestern war ich im Computerladen um einen neuen Scanner zu kaufen.,Yesterday I went to the computer shop to buy a new scanner.
"Er wurde in ein Krankenhaus eingeliefert, nachdem er verdorbene Lebensmittel gegessen hatte.",He was admitted to a hospital after he had eaten bad food.
Rügen ist die größte deutsche Insel.,Rügen is Germany's largest island.
In unserem Sonnensystem gibt es acht Planeten.,There are 8 planets in our solar system.
Datenschutz wird in Deutschland sehr ernst genommen.,Data privacy is taken very seriously in Germany.
Zur Halbzeit war das Spiel torlos.,The game was goalless at halftime.
Im Winter ist es hier bitterkalt.,It is bitterly cold here in winter.
"""Komatrinken ist hier ein Nationalsport"", sagte er und lachte.","""Binge drinking is a national sport here,"" he said and laughed."
"Ihr Leben hat wieder einen Sinn, seit sie einen Breitbildfernseher gekauft hat.",Her life has become meaningful again since she bought a widescreen TV.
Schau immer links und rechts bevor du die Strasse überquerst.,Always look left and right before you cross the street.
"Er sagte, dass er mit seiner Alkoholerkrankung sein ganzes Erwachsenenleben gekämpft hat.",He said that he has battled the disease of alcoholism for all of his adult life.
Dies ist eines der größten ungelösten Verbrechen des letzten Jahrhunderts.,This is one of the greatest unsolved crimes of last century.
"Ich habe ein Video hochgeladen, welches erklärt wie es funktioniert.",I've uploaded a video which explains how it works.
"Die Polizei hat heute bestätigt, dass 30 Menschen bei einem Autobombenanschlag getötet worden sind.",Today police confirmed that 30 people were killed in a car bomb attack.
Gäste und die Belegschaft mussten das Hotel verlassen als ein Feuer ausbrach.,Guests and staff were forced to leave the hotel when a fire broke out.
Laut der BBC war der Konferenzsaal komplett voll für die Rede von Herrn Blair.,According to the BBC the conference hall was completely full for Mr Blair's speech.
Die ganze Angelegenheit ist ein unverschämter Versuch die Öffentlichkeit zu manipulieren.,The whole affair is a shameless attempt to manipulate the public.
Die Briten sind von der Idee besessen ein Haus zu besitzen.,British people are obsessed with the idea of owning a house.
Nach einer langen Zeit von Spekulationen hat die Firma ihr neues Produkt vorgestellt.,After a long period of speculation the company has introduced their new product.
Die Gewerkschaft der Polizei ist verhandlungsbereit.,The trade union of the police is willing to negotiate.
Es war den ganzen Tag bitterkalt.,It was bitterly cold for the whole day.
Ungefähr 30 Leute sind wegen der Hitzewelle gestorben.,About 30 people have died in the heatwave.
Die Militärparade findet morgen statt.,Tomorrow the military parade takes place.
Die Auseinandersetzungen zwischen Israel und Hisbollah zeigen keine Zeichen des Nachlassens.,Fighting between Israel and Hezbollah shows no signs of letting up.
"Die Verbrecher waren in sein Haus eingebrochen, während er für drei Monate weg war.",The criminals had broken into his house while he was away for three months.