"Ich weiß jetzt, warum du weinst.",I know now why you cry.
Ich gehe jetzt schwimmen.,I go swimming now.
Spiegel lügen nicht!,Mirrors don't lie!
Kannst du diesen Sack Kartoffeln tragen?,Can you carry this sack of potatoes?
Jeder Topf findet seinen Deckel.,Every pot will find its lid.
Sie wurde so geboren.,She was born this way.
Die Vögel singen nicht mehr.,The birds do not sing anymore.
Lächle mehr!,Smile more!
Wo ist der Fahrplan?,Where is the timetable?
Morgens bin ich immer müde.,I'm always tired in the morning.
Wo kann ich Orangen kaufen?,Where can I buy oranges?
Iss mehr Gemüse!,Eat more vegetables!
Was hast du heute gelernt?,What did you learn today?
"Tür zu, es zieht!","Close the door, there is a draught!"
Ihr war alles gleich.,She didn't care about anything.
Stella hatte vor nichts Angst.,Stella wasn't afraid of anything.
Eine Hand wäscht die andere.,One hand washes the other.
"""Danke für deine Hilfe!"" - ""Bitte sehr!""","""Thank you for your help!"" - ""You are welcome!"""
Die Zukunft ist jetzt.,The future is now.
Meine Nase läuft.,I have a runny nose.
Ich mag ein gutes Gespräch.,I like a good conversation.
Hat das Auto eine Heizung?,Does this car have a heater?
Er ist traurig.,He is sad.
Wo sind wir?,Where are we?
Es ist zu spät.,It's too late.
Wer möchte eine Wurst essen?,Who wants to eat a sausage?
Regnet es draußen?,Is it raining outside?
Was machst du am Samstag?,What are you doing on Saturday?
Sie ist noch jung.,She is still young.
Die Sonne ist sehr heiß.,The sun is very hot.
Es ist kalt draußen.,It's cold outside.
Er wollte immer ein berühmter DJ sein.,He always wanted to be a famous DJ.
Echte Männer weinen nicht.,Real men don't cry.
"Ich werde versuchen, es zu erklären.",I will try to explain.
Kann ich neben dir sitzen?,Can I sit next to you?
Bist du Joe?,Are you Joe?
Niemand vergisst seine erste Liebe.,No one ever forgets their first love.
Wir sehen uns wieder.,We'll meet again.
Ich habe meine Meinung geändert.,I've changed my mind.
Wie hast du geschlafen?,How did you sleep?
Ich habe gelacht.,I laughed.
Sie isst kein Fleisch mehr.,She doesn't eat meat anymore.
Ich esse kein Fleisch.,I don't eat meat.
Ich liebe die Natur!,I love nature!
Was machst du hier?,What are you doing here?
Sie hat einen großen Kleiderschrank.,She has a big wardrobe.
Hast du eine Schaufel?,Do you have a shovel?
Ich arbeite in einer Buchhandlung.,I'm working in a bookshop.
War nur Spaß!,Just kidding!
Der Schuh drückt mich hier.,The shoe pinches me here.
Mir ist schlecht.,I feel nauseous.
Gehe nicht!,Don't go!
Schau nicht so traurig!,Don't look so sad!
Sie war ein guter Mensch.,She was a good person.
Liebst du mich nicht?,Don't you love me?
Das wird schon!,It'll be okay!
Große Mädchen weinen nicht.,Big girls don't cry.
Es gibt keine dummen Fragen.,There are no stupid questions.
Das ist nicht mein Problem!,That's not my problem!
Sie hat ja gesagt.,She said yes.
Bist du auf Facebook?,Are you on Facebook?
"Niemand weiß, warum.",Nobody knows why.
Lily war hier.,Lily was here.
Kann ich zuschauen?,May I watch?
Wo ist der Mülleimer?,Where is the dustbin?
Ich möchte gerne eine Bratwurst.,I would like a fried sausage.
Muss das denn sein?,Is that really necessary?
Was soll das denn heißen?,What is that supposed to mean?
Er ist wieder da.,He's back.
Ich bin der Martin.,I'm Martin.
Lebe lang und glücklich!,Live long and prosper!
Da ist er!,There he is!
Heidi lebt in den Bergen.,Heidi lives in the mountains.
Von Mode verstehe ich nichts.,I don't know anything about fashion.
Hör nicht auf sie!,Don't listen to them (or her)!
Das Essen ist fertig!,Dinner is ready!
Er hat im Lotto gewonnen.,He won the lottery.
Eure Zeit ist um.,Your time is up.
Eine neue Liebe ist wie ein neues Leben.,A new love is like a new life.
Das dachte ich mir schon.,I already anticipated that. / I thought so.
Bist du wach?,Are you awake?
Er ist sehr freundlich.,He is very friendly.
Ohne dich kann ich nicht sein.,Without you I cannot be.
Du bist meine große Liebe!,You are the love of my life!
Sollen wir uns treffen?,Should we meet up?
Hat sie einen Freund?,Does she have a boyfriend?
Wo sind die Unterhemden?,Where are the vests/undershirts?
Er hat seinen Führerschein verloren.,He lost his driving licence.
Er lud mich ein.,He invited me.
Wo bist du gewesen?,Where have you been?
"""Morgen werde ich 18!"" - ""Alles Gute!""","""Tomorrow I'll turn 18!"" - ""All the best!"""
"""Frohes neues Jahr!"" - ""Wünsch ich dir auch!""","""Happy New Year!"" - ""Same to you!"""
Wie heißt diese Pflanze?,What is the name of this plant?
Geniesse deine Jugend!,Enjoy your youth!
"""Wo ist er?"" - ""Oben.""","""Where is he?"" - ""Upstairs."""
Diese Tomaten kommen aus Italien.,These tomatoes are from Italy.
Ich finde sie nicht hässlich.,I don't think she is ugly.
Wo ist der Fön?,Where is the hair dryer?
Die Batterie ist fast leer.,The battery is almost dead.
Warum grüßt du mich nicht?,Why don't you greet me?
Wie funktioniert das?,How does that work?
Das Geld ist im Briefumschlag.,The money is in the envelope.
Ich brauche keine Tüte.,I don't need a bag.
Wer bin ich?,Who am I?
Diese Maschine ist sehr laut.,This machine is very noisy.
Das ist nicht mein Stil.,That's not my style.
Iss nicht so viele Süßigkeiten!,Don't eat so many sweets!
Er isst oft Nudeln.,He often eats noodles.
"Seine letzten Worte waren ""Bis gleich!"".","His last words were ""See you soon!"""
Dieser Stoff ist sehr weich.,This material is very soft.
Ist da jemand?,Anybody there?
Ich mag keine Montage.,I don't like Mondays.
Ich war noch niemals in New York!,I've never been to New York!
Ordnung muss sein.,There must be order. / Tidiness is necessary. (proverbial expression describing German culture)
Sei lieb zu deinem Bruder!,Be nice to your brother!
Ich habe neue Möbel gekauft.,I bought new furniture.
Mehr als 10 Leute kamen.,More than 10 people came.
Er hat mehr Geld als ich.,He has more money than I.
Er hat lange Füße.,He has long feet.
Sein Familienname ist Schmidt.,His family name is Schmidt.
Wir sind das Volk!,We are the people! (political slogan)
Mir sagt ja niemand was!,Nobody tells me anything! (said as a complaint)
Deine Freundin ist hübsch.,Your girlfriend is pretty.
Ich lüge immer.,I always lie.
"""Ich denke, also bin ich."" - René Descartes","""I think, therefore I am"" - René Descartes"
Ich erinnere mich an dich.,I remember you.
Warum hat Tarzan keinen Bart?,Why doesn't Tarzan have a beard?
Hast du das gesehen?,Did you see that?
"Wann, glaubst du, kommt er wieder?",When do you think he will return?
Sind die Flugzeuge neu?,Are the airplanes new?
Sei nett zu ihm.,Be nice to him.
Sie mag ihren Beruf.,She likes her job.
Ich vermisse meinen Vater.,I miss my father.
Hast du eine Freundin?,Do you have a girlfriend?
Bitte ohne Zucker.,Please don't add sugar.
Ich habe Durst.,I'm thirsty.
Ich bin in 5 Minuten zurück.,I'll be back in 5 minutes.
Er ist nicht da.,He is not here.
Er ist mein Bruder.,He is my brother.
Sie macht mich glücklich.,She makes me happy.
"Denke, bevor du sprichst.",Think before you speak.
Sie ist verheiratet.,She is married.
Wir sind eine glückliche Familie.,We are a happy family.
Er ist gut gebaut.,He is well-built.
Bären lieben Honig.,Bears love honey.
Ich will mein Geld zurück.,I want my money back.
Manche Dinge ändern sich nie.,Some things never change.
Wo ist die Toilette?,Where is the toilet?
Bist du hungrig?,Are you hungry?
Ich komme morgen.,I'll come tomorrow.
Was machen wir heute?,What are we doing today?
Er arbeitete früher für meinen Vater.,He used to work for my father.
Er ist ein starker Mann.,He's a strong man.
Er macht gefährliche Stunts in Filmen.,He performs dangerous stunts in movies.
Das Zimmer ist leer.,The room is empty.
Hallo? Ist jemand zu Hause?,Hello? Is anybody home?
Sie hat Angst.,She's scared.
Ich liebe es zu kochen.,I love cooking.
Sie ist sieben Jahre alt.,She's seven years old.
Ich werde langsam hungrig.,I'm getting hungry.
Ich habe einen neuen MP3 Player gekauft.,I've bought a new mp3 player.
Gib mir das Geld.,Give me the money.
Reisen muss nicht teuer sein.,Travelling doesn't have to be expensive.
Ich werde 3 Nächte bleiben.,I will stay for 3 nights. (hotel)
Ich bin krank.,I'm sick.
Ist es weit?,Is it far?
Ich werde die Polizei rufen.,I will call the police.
Achtung! Da kommt ein Auto!,Be careful! There's a car approaching!
Warum lacht sie?,Why is she laughing?
Sie haben in Las Vegas gelebt.,They have lived in Las Vegas.
Alle Taxis in New York sind gelb.,All taxis in New York are yellow.
Kann ich einen Vorschlag machen?,Can I make a suggestion?
Sie ist gestern gestorben.,She died yesterday.
Was tut sie?,What is she doing?
Ist das deine Katze?,Is this your cat?
Am 31. Oktober ist Halloween.,Halloween is on October 31.
Er ist ein alter Freund von mir.,He is an old friend of mine.
Ist das Fenster offen?,Is the window open?
Du bist so nett zu mir!,You are so nice to me!
Hast du die Miete bezahlt?,Have you paid the rent?
Er schläft gerade.,He is sleeping right now.
Er ist schon aus dem Haus.,He has already left the building.
Sie braucht Geld.,She needs money.
Ich gehe heute nach Hause.,I'm going home today.
Er wurde im Jahr 1988 geboren.,He was born in 1988.
Er wäre fast gestorben.,He almost died.
Wie viele Sprachen sprechen Sie?,How many languages do you speak?
Hunde lieben es zu spielen.,Dogs love to play.
Hunde machen die lustigsten Dinge.,Dogs do the funniest things.
Glaubst du an Gott?,Do you believe in God?
Seine Frau ist gestorben.,His wife died.
Ich bin wütend.,I'm angry.
Ich bin sein Chef.,I'm his boss.
Ich habe mein Gepäck verloren.,I have lost my baggage.
Wo bist du?,Where are you?
Bist du verheiratet?,Are you married?
Wohin gehen wir?,Where are we going?
Wir sprechen später darüber.,We'll talk about this later.
Er lacht.,He is laughing.
Dein Tee wird kalt.,Your tea is getting cold.
Ich wollte schon immer ein Ninja sein.,I always wanted to be a Ninja.
Ihr Name ist Claire.,Her name is Claire.
Liebst du ihn noch?,Do you still love him?
Können Sie ein Gericht empfehlen?,Can you recommend a dish? (said to the waiter in a restaurant)
Ich werde dir helfen.,I'm going to help you.
Kannst du bitte damit aufhören?,"Could you stop doing that, please?"
Hast du Angst vor ihm?,Are you scared of him?
Ich habe ihren Geburtstag vergessen.,I forgot her birthday.
"Ich weiß, wer du bist.",I know who you are.
Aus welchem Land kommst du?,From which country are you?
Mein Sohn ist sechs Jahre alt.,My son is six years old.
Bitte nehmen Sie sich Zeit.,Please take your time.
Seine Firma ist in Chicago.,His company is based in Chicago.
Die Sonne schien jeden Tag.,The sun was shining every day.
Maggie und ich heiraten in Las Vegas!,Maggie and I are getting married in Las Vegas!
Enthält diese Schokolade Nüsse?,Does this chocolate contain nuts?
Ich brauche keine Hilfe.,I don't need any help.
Wie steht es? Eins beide.,What is the score? One all.
Ich liebe dich nicht mehr.,I don't love you anymore.
Er sitzt unter dem Baum.,He is sitting under the tree.
Hast du Spaß?,Are you having fun?
Er ist kein guter Schüler.,He isn't a good student.
Er sprang ins Meer.,He jumped into the sea.
Du hättest nicht lügen sollen.,You should not have lied.
Ist dieser Stuhl frei?,Is this chair free?
Ich arbeite von 9 bis 5.,I work from 9 to 5.
Sie ist nicht wach.,She is not awake.
Wie kommen wir zum Flughafen?,How do we get to the airport?
Diese Firma hat 62 Läden.,This company has 62 stores.
Kannst du ein bisschen früher kommen?,Can you come a bit earlier?
Dieser Berg ist sehr berühmt.,This mountain is very famous.
Läuft alles gut?,Is everything going well?
Ich mag dich.,I like you.
Wir essen gemeinsam.,We eat together.
Sie werden sie vielleicht nie wieder sehen.,They may never see her again.
Er ist die Treppe hochgelaufen.,He ran up the stairs.
Er ist unser Sohn.,He is our son.
Er hat geheiratet.,He got married.
Er ist eines natürlichen Todes gestorben.,He died of natural causes.
Ich werde es ihr sagen.,I will tell her.
Bist du dir da sicher?,Are you sure about that?
Wir sind sehr müde.,We are very tired.
Sie lächelt immer.,She always smiles.
Ich habe die Polizei gerufen.,I called the police.
Komm aus dem Wasser!,Get out of the water!
Warten Sie bitte draußen.,Please wait outside.
Ich bin ihr Vater.,I'm her father.
Ich werde es morgen tun.,I'll do it tomorrow.
Das ist Jacks Haus.,That is Jack's house.
Ich fahre dich zum Flughafen.,I will drive you to the airport.
Ich habe die Wahrheit gesagt.,I was telling the truth.
Ich habe gelogen.,I lied.
Es wird bald dunkel.,It will be dark soon.
Was hast du zu ihm gesagt?,What did you say to him?
Ich glaube dir.,I believe you.
Er trägt einen Hut.,He is wearing a hat.
Er ist alt.,He is old.
Wir kommen mit dir.,We'll come with you.
Er wohnt nicht mehr hier.,He doesn't live here anymore.
Sie ist ein hübsches Mädchen.,She is a pretty girl.
Hast du ein Auto?,Do you have a car?
Sie sind hier.,They (or you) are here.
Ich bin alleine.,I'm alone.
Warum kommst du nicht nach Hause?,Why don't you come home?
Rauchen Sie?,Do you smoke?
Wir nehmen ein Taxi zum Flughafen.,We will take a taxi to the airport.
Du musst dich entschuldigen!,You've got to apologise!
Ich habe zu viel gegessen.,I've eaten too much.
Du bist mein Kind.,You are my child.
Die Vögel singen.,The birds are singing.
Wir ziehen wieder nach New York zurück.,We are moving back to New York.
Es ist eine schlechte Idee.,It's a bad idea.
Ruf' die Feuerwehr!,Call the fire brigade!
War das deine Idee?,Was this your idea?
Das Leben ist kurz.,Life is short.
Hat sie geweint?,Did she cry?
Es tut mir wirklich leid.,I'm truly sorry.
Ich werde heiraten.,I'm getting married.
Er kann nicht schwimmen.,He can't swim.
Es ist heute sehr heiß.,It is very hot today.
Ich bekomme jeden Tag viel Spam.,I receive a lot of spam emails every day.
Wie heißt sie?,What is her name?
Habe ich etwas falsch gemacht?,Have I done something wrong?
Wann wirst du mit ihm sprechen?,When will you speak to him?
Ich arbeite viel.,I work a lot.
Geld alleine macht nicht glücklich.,Money alone does not bring happiness.
Er tut mir leid.,I pity him.
Sie ist da.,She is here.
Ich bin dein Freund.,I'm your friend.
Ich warte.,I'm waiting.
Wir waren so glücklich.,We were so happy.
Arbeitest du heute?,Are you working today?
"Ich wünschte, ich könnte für immer leben!",I wish I could live forever!
Brauchst du Geld?,Do you need money?
Kenne ich Sie?,Do I know you?
Ich muss telefonieren.,I need to make a phone call.
Ich habe Angst.,I'm scared.
Barcelona hat 7 schöne Strände.,Barcelona has seven beautiful beaches.
Er hat aus seinen Fehlern gelernt.,He learnt from his mistakes.
Ich arbeite im Krankenhaus.,I work at the hospital.
Möchten Sie über Nacht bleiben?,Would you like to stay the night?
Ist Ihnen kalt?,Are you cold?
Habe ich das richtig gesagt?,Did I say that correctly?
Lasst uns ein Spiel spielen!,Let's play a game!
Wer ist sie?,Who is she?
Tiere haben Angst vor Feuer.,Animals are afraid of fire.
Ich warte draußen auf Sie.,I'll wait outside for you.
Ich kann gut küssen.,I'm a good kisser.
"Kannst du kochen? Nein, kann ich nicht.","Can you cook? No, I can't."
Er wartet auf den Bus.,He is waiting for the bus.
Da sind drei Bananen.,There are three bananas.
Sie werden das Spiel verlieren.,They will lose the game.
Verlier den Schlüssel nicht!,Don't lose the key!
Bitte tu das nicht.,Please don't do that.
Wie war dein Tag?,How was your day?
Warum hast du das gesagt?,Why did you say that?
Bitte weine nicht.,Please don't cry.
Ich will kochen lernen.,I want to learn how to cook.
Der Hund ist tot.,The dog is dead.
Was ist in der Tasche?,What is inside the bag?
Ihr Sohn lebt in Sydney.,Her son lives in Sydney.
Er spricht Englisch.,He speaks English.
Spricht sie Englisch?,Can she speak English?
Sie liest sehr gerne.,She loves reading.
Sind alle bereit?,Is everybody ready?
Sind alle da?,Is everyone here?
Ich arbeite so schnell ich kann.,I'm working as fast as I can.
Die Katze hat den Vogel getötet.,The cat killed the bird.
Ich bin zu allem bereit.,I'm ready for anything.
Gestern war es sehr kalt.,Yesterday it was very cold.
Das Gras ist grün.,The grass is green.
Mein Bruder sieht sehr gut aus.,My brother is very handsome.
Sag mir die Wahrheit!,Tell me the truth!
Dieses Telefon funktioniert nicht.,This telephone is out of order.
Sie möchte Zahnärztin werden.,She wants to become a dentist.
Bitte öffne die Tür.,Please open the door.
Kannst du mich zum Krankenhaus fahren?,Can you drive me to the hospital?
Bitte fang an zu essen!,Please start eating!
Ich werde gehen.,I will go.
Man ist nur einmal jung.,You are only young once.
Wo ist sie?,Where is she?
Er hatte einen Unfall.,He had an accident.
Diese Zahnpasta enthält Aloe Vera.,This toothpaste contains aloe vera.
Ich bin nicht hungrig.,I'm not hungry.
"Sie denkt, ich arbeite zu viel.",She thinks I work too much.
Ich finde dich lustig.,I think you're funny.
Ich hatte heute viel Spaß.,I had a lot of fun today.
Magst du alle deine Lehrer?,Do you like all your teachers?
Ich habe ihn zum Flughafen gefahren.,I drove him to the airport.
Wir sind gute Freunde.,We are good friends.
Wir heiraten im September.,We are getting married in September.
Sie sind glücklich verheiratet.,They are happily married.
Du bist schon fertig?,You've finished already?
Sie liebt ihn.,She loves him.
Schweine können nicht fliegen.,Pigs can't fly.
Wie kannst du dir so sicher sein?,How can you be so sure?
Sollen wir an den See fahren?,Should we drive to the lake?
Das interessiert mich nicht.,I'm not interested.
Er baute ein Boot.,He built a boat.
Ich brauche deinen Rat.,I need your advice.
Er hat starke Schmerzen.,He is in severe pain.
Das Wasser kocht.,The water is boiling.
Wann sollen wir gehen?,When should we leave?
Kann ich hier rauchen?,Can I smoke here?
Meine Schwester heiratet nächsten Monat.,My sister is getting married next month.
Dieses Messer ist sehr scharf.,This knife is very sharp.
Kannst du ein Beispiel nennen?,Could you give an example?
Diese Aufgabe ist einfach.,This task is easy.
Ich bin zu Hause.,I'm at home.
Wo ist die Zeitung?,Where is the newspaper?
Möchtest du eine Tasse Tee?,Would you like a cup of tea?
Bitte komm nicht zu spät!,Please don't be late!
Warum weint dieses Baby?,Why is this baby crying?
Was ist in dieser Kiste?,What is inside this box?
Keiner hat ihnen geholfen.,Nobody helped them.
Das Schlafzimmer ist zu klein.,The bedroom is too small.
Das ist ein gutes Beispiel.,This is a good example.
Dieser Stein ist sehr schwer.,This stone is very heavy.
Das verstehe ich nicht.,I don't understand.
Das Tor ist offen.,The gate is open.
Der Fisch schmeckt nicht gut.,This fish tastes bad.
Der Zug kommt.,The train is coming.
Der junge Mann sieht gut aus.,The young man is handsome.
Bitte rufen Sie die Polizei.,Please call the police.
Die Sonne scheint.,The sun is shining.
Öffne die Flasche.,Open the bottle.
Bitte gib mir das Buch.,Please give me the book.
Ich möchte zu Hause bleiben.,I want to stay home.
Heute ist Montag.,Today is Monday.
Kannst du mir etwas Wasser bringen?,Could you bring me some water?
Das Leben ist nicht einfach.,Life isn't easy.
Ist die Post noch geöffnet?,Is the post office still open?
Morgen wird das Wetter gut.,Tomorrow the weather will be good.
Die Teller sind im Schrank.,The plates are in the cupboard.
Möchten Sie tanzen?,Do you want to dance?
Wann fängt der Film an?,When does the movie start?
Er sprach leise.,He spoke quietly.
Das Baby lächelt.,The baby smiles.
Ist er krank?,Is he sick?
Ich habe einen Bruder.,I have a brother.
Er ist mein Freund.,He is my friend.
Das ist zu teuer.,That is too expensive.
Dieses Restaurant ist beliebt.,This restaurant is popular.
Der Fernseher ist im Wohnzimmer.,The TV is in the living room.
Ich lüge nicht!,I'm not lying!
Wo sind die Taxis?,Where are the taxis?
Ist dieses Gericht scharf?,Is this dish spicy?
Was ist deine E-Mail-Adresse?,What is your email address?
Arbeiten Sie hier?,Do you work here?
Kannst du mir ein Taxi rufen?,Can you call me a cab/taxi?
Du machst mich glücklich.,You make me happy.
Es regnet.,It is raining.
Ich bin stolz auf dich.,I'm proud of you.
Suchst du noch Arbeit?,Are you still looking for work?
Er kann dir helfen.,He can help you.
Kannst du Gitarre spielen?,Can you play guitar?
Ich habe einen Hund.,I have a dog.
Die Tür ist offen.,The door is open.
Sie ist zur Bank gegangen.,She's gone to the bank.
Wie viele Äpfel hast du gekauft?,How many apples did you buy?
Sie spricht drei Sprachen.,She speaks three languages.
Welchen Bus muss ich nehmen?,Which bus do I need to take?
Morgen wird es vielleicht regnen.,Perhaps it will rain tomorrow.
Meine Mutter fuhr mich zum Flughafen.,My mother drove me to the airport.
Wann sind Sie geboren?,When were you born?
Sie mag keinen grünen Tee.,She doesn't like green tea.
"Hallo, ich bin neu hier.","Hello, I'm new here. (e.g. in this company)"
"Ich bin 1,70m groß.",I'm 1.70m tall.
Ich mag ihn nicht.,I don't like him.
Kann ich Ihre Telefonnummer bekommen?,Can I have your telephone number?
Fahren Sie bitte langsamer!,Please drive more slowly!
Gott sei Dank ist heute endlich Freitag!,Thank God it's finally Friday!
"""Frohe Weihnachten!"", sagte er und lächelte.","""Merry Christmas!"" he said and smiled."
Ich bin verliebt!,I'm in love!
Bist du müde?,Are you tired?
Wo ist der nächste Geldautomat?,Where is the nearest cash machine/ATM?
Er singt gerne.,He loves to sing.
Was schlägst du vor?,What do you suggest?
Bist du bereit anzufangen?,Are you ready to start?
Sagst du mir die Wahrheit?,Are you telling me the truth?
Haben Sie eine Minute Zeit?,Can you spare a minute?
Bildung ist wichtig.,Education is important.
Der Wein ist im Keller.,The wine is in the cellar.
Jedem das Seine.,To each his own. (Latin: suum cuique)
"Entschuldigung, wir würden gerne bestellen.","Excuse me, we would like to order. (said in a restaurant)"
Pocahontas hatte lange schwarze Haare.,Pocahontas had long black hair.
Wollen wir uns morgen treffen?,Shall we meet tomorrow?
Im Januar ist es sehr kalt.,It gets very cold in January.
Sein Geburtstag ist im Juli.,His birthday is in July.
Wir hätten dir geholfen.,We would have helped you.
Auf Wiedersehen! Ich werde Sie vermissen!,Goodbye! I will miss you!
Guten Tag! Sind Sie Herr Meyer?,"Hello, are you Mr Meyer?"
Lang lebe der König!,Long live the king!
Eine Katze hat neun Leben.,A cat has 9 lives.
Das Buch hat tausend Seiten.,The book has a thousand pages.
Schnell! Rufen Sie einen Arzt!,Quick! Call a doctor!
Wie heißt du? Ich heiße Daniela.,What is your name? My name is Daniela.
Interessierst du dich für Kunst?,Are you interested in art?
Ich habe eine Idee.,I have an idea.
Ich möchte gleich zahlen.,I would like to pay immediately.
Hast du schon gegessen?,Have you already eaten?
Dieses Konzert ist kostenlos.,This concert is free.
Wo ist meine Brille?,Where are my glasses?
Hattest du einen schönen Urlaub?,Did you have a nice holiday?
Wer hat angerufen?,Who called? (telephone)
Ich brauche ein Zimmer.,I need a room.
Was machst du heute Abend?,What are you doing tonight?
Du fährst zu schnell!,You drive too fast!
Wo ist der Ausgang?,Where is the way out?
Ich spreche kein Deutsch.,I don't speak German.
Wo ist das nächste Hotel?,Where is the nearest hotel?
Seine Familie ist ihm sehr wichtig.,His family is very important to him.
Wo machst du dieses Jahr Urlaub?,Where are you going on holiday this year?
Was möchten Sie trinken?,What would you like to drink?
Was können Sie mir empfehlen?,What do you recommend?
Hast du heute Abend Zeit?,Do you have time this evening?
Kann ich dir helfen?,Can I help you?
Natürlich will ich dich heiraten!,Of course I want to marry you!
Möchtest du ein Eis?,Would you like some ice-cream?
In einer Minute müssen wir gehen.,We have to go in one minute.
Ich liebe dich für immer!,I'll love you forever!
Dieses Thema interessiert mich nicht.,This topic doesn't interest me.
Wo ist das Telefon?,Where is the telephone?
Bitte sag ja.,Please say yes.
Die Katze ist unter dem Tisch.,The cat is under the table.
Mein Geburtstag ist im April.,My birthday is in April.
Ich habe ihre Telefonnummer vergessen.,I've forgotten her telephone number.
Ich weiss nicht was ich tun soll.,I don't know what I should do.
Er arbeitet zu viel.,He works too much.
Ich suche Arbeit.,I'm looking for work.
Danke für deine Hilfe.,Thank you for your help.
Der Frühling beginnt im März.,Spring starts in March.
Hast du eine bessere Idee?,Do you have a better idea?
Das Kind weint.,The child is crying.
Dieses Auto ist sehr schnell.,This car is very fast.
Er ist durstig.,He is thirsty.
Mein Vater ist Lehrer.,My father is a teacher.
Ich bin fertig.,I have finished (doing something).
Sie heißt Bettina.,Her name is Bettina.
Ich komme aus Hamburg.,I'm from Hamburg.
Ich bin Deutsche.,I'm German. (female)
Er spricht nur ein bisschen Deutsch.,He only speaks a little German.
Ich wohne in Berlin.,I live in Berlin.
Ich arbeite bei BMW.,I work for BMW.
Österreich ist ein kleines Land.,Austria is a small country.
Sie lebt in einer kleinen Stadt.,She lives in a small town.
Vielleicht hast du Recht.,Maybe you are right.
Wo wohnst du?,Where do you live?
Das hoffe ich.,I hope so.
Ich lebe in diesem Haus.,I live in this house.
Ich werde damit nicht fertig.,I can't deal with this.
Kannst du mir bitte helfen?,Can you help me out please?
Warum weinst du?,Why are you crying?
Er wird heute dreißig Jahre alt.,He is turning thirty today.
Das war meine Idee.,It was my idea.
Er liebt seine Frau nicht mehr.,He doesn't love his wife anymore.
Wo ist das Klo?,Where is the loo?
Ein Bier bitte.,"A beer, please."
Ich bin müde.,I'm tired.
Was ist das?,What is that?
Wie heißt du?,What is your name?
Das macht nichts.,It doesn't matter.
Ich weiß nicht.,I don't know.
Ich bin sehr krank.,I'm very ill.
Es ist halb vier.,It's half past three. (half of the 4th hour has passed)
Ich brauche einen Arzt.,I need a doctor.
Haben Sie vielen Dank.,Many thanks!
Du bist süß!,You are sweet!
Lass mich bitte in Ruhe!,Please leave me alone!
Wir haben nicht viel Zeit.,We don't have much time.
Was sind Sie von Beruf?,What is your occupation?
Hat es Ihnen geschmeckt?,Did you like the food? (Did it taste good?)
"Die Rechnung, bitte!","The bill, please! (The check please!)"
Können Sie Englisch sprechen?,Can you speak English?
"Sprechen Sie langsam, bitte!","Speak slowly, please!"
Was kann ich für dich tun?,What can I do for you?
Ich glaube dir kein Wort.,I don't believe a word you say.
Er ist ein gefährlicher Mann.,He is a dangerous man.
Ich möchte nach Hause gehen.,I want to go home.
Bitte sag es noch einmal.,Please say it again.
Ich bin ganz Ohr.,I'm all ears. (I'm listening attentively.)
Wie sagt man das auf Deutsch?,How do you say that in German?
Zeit ist Geld.,Time is money.
Ich werde mit ihm reden.,I will speak to him.
Kann ich dich was fragen?,Can I ask you something?
Ich brauche deine Hilfe.,I need your help.
Wann kommt der nächste Bus?,When does the next bus come?
Ich werde es niemandem sagen.,I won't tell anybody.
Das glaube ich auch.,I think so too.
Wer bist du?,Who are you?
Warum hast du das getan?,Why did you do that?
Ist Michael da?,Is Michael around (here)?
Wohin gehst du?,Where are you going?
Wie ist das Wetter morgen?,How is the weather tomorrow?
Ich lerne Deutsch seit 5 Jahren.,I have been learning German for 5 years.
Dieses Kleid ist sehr hübsch.,This dress is very pretty.
Heute ist mein Geburtstag.,Today is my birthday.
Wie lange haben die Geschäfte auf?,How long are the shops open?
Das ist eine gute Idee.,That's a good idea.
Wann ist dein Geburtstag?,When is your birthday?
Wie ist Ihre Adresse?,What is your address?
Was hat er gesagt?,What did he say?
Hast du Schmerzen?,Are you in pain?
Hast du Angst?,Are you scared?
Sonst noch etwas?,Anything else?
Freut mich!,I'm pleased (to meet you)!
Ich habe keine Kinder.,I don't have children.
Wie komme ich zum Bahnhof?,How do I get to the railway station?
Ich komme später.,I'll come later
Was kostet das?,How much does it cost?
Wie spät ist es?,What time is it?
Das ist nicht möglich.,This isn't possible.
Er hat ein neues Auto gekauft.,He bought a new car.
Ich liebe dich.,I love you.
Ich vermisse dich.,I miss you.
Ich bin jetzt sehr hungrig.,I'm very hungry now.
Mein Name ist Julia.,My name is Julia.
Ich bin zwanzig Jahre alt.,I'm twenty years old.
Ich lerne Deutsch.,I'm learning German.
Ich gehe ins Kino.,I'm going to the cinema.
Ich arbeite in einer Bank.,I work in a bank.
Ich lese ein Buch.,I'm reading a book.
Mein Bruder ist verheiratet.,My brother is married.
Ich bin seit zwanzig Jahren verheiratet.,I've been married for twenty years.
Ich bin Lehrer.,I'm a teacher.
Ich bin in Berlin geboren.,I was born in Berlin.
Ich lebe in Deutschland.,I live in Germany.
Ich gehe in die Schule.,I'm going to school.
Mein Lehrer ist sehr alt.,My teacher is very old.
Das Gepäck ist schwer.,The luggage is heavy.
Du lernst sehr schnell.,You learn very fast.
Sprichst du Englisch?,Do you speak English?
Die Katze hat sich verletzt.,The cat is injured.
"Sprechen Sie langsamer, bitte.",Please speak more slowly.
Schönen Abend noch!,Have a nice evening!
Wohnst du gerne in Berlin?,Do you enjoy living in Berlin?
Ich habe nur Spaß gemacht.,I was just joking.
Der Computer funktioniert nicht mehr.,The computer isn't working anymore.
Wie alt bist du?,How old are you?
Sprechen Sie Deutsch?,Do you speak German?